StartDate,EndDate,Status,IPAddress,Progress,Duration (in seconds),Finished,RecordedDate,ResponseId,RecipientLastName,RecipientFirstName,RecipientEmail,ExternalReference,LocationLatitude,LocationLongitude,DistributionChannel,UserLanguage,Q1.1,Q1.2_First Click,Q1.2_Last Click,Q1.2_Page Submit,Q1.2_Click Count,Q2.2,Q2.3,Q2.3_3_TEXT,Q2.4,Q2.4_7_TEXT,Q2.5,Q2.6,Q3.1_1,Q3.1_2,Q3.1_3,Q3.1_4,Q3.1_5,Q4.1_1,Q4.1_2,Q4.1_3,Q4.1_4,Q4.1_5,Q4.1_6,Q4.1_7,Q4.1_8,Q4.1_9,Q4.1_10,Q4.1_11,Q4.1_12,Q4.1_13,Q5.1_1,Q5.1_2,Q5.1_3,Q5.1_4,Q5.1_5,Q5.1_6,Q5.1_7,Q5.1_8,Q5.1_9,Q5.1_10,Q5.1_11,Q5.1_12,Q5.1.1,Q5.2_1,Q5.2_2,Q5.2_3,Q5.2_4,Q5.2_5,Q5.2_6,Q5.2_7,Q5.2_8,Q5.2_9,Q5.2_10,Q5.2_11,Q5.2_12,Q5.2.1,Q5.3_1,Q5.3_2,Q5.3_3,Q5.3_4,Q5.3_5,Q5.3_6,Q5.3_7,Q5.3_8,Q5.3_9,Q5.3_10,Q5.3_11,Q5.3_12,Q5.3.1,Q5.4_1,Q5.4_2,Q5.4_3,Q5.4_4,Q5.4_5,Q5.4_6,Q5.4_7,Q5.4_8,Q5.4_9,Q5.4_10,Q5.4_11,Q5.4_12,Q5.4.1,Q5.5_1,Q5.5_2,Q5.5_3,Q5.5_4,Q5.5_5,Q5.5_6,Q5.5_7,Q5.5_8,Q5.5_9,Q5.5_10,Q5.5_11,Q5.5_12,Q5.5.1,Q5.6_1,Q5.6_2,Q5.6_3,Q5.6_4,Q5.6_5,Q5.6_6,Q5.6_7,Q5.6_8,Q5.6_9,Q5.6_10,Q5.6_11,Q5.6_12,Q5.6.1,Q5.7_1,Q5.7_2,Q5.7_3,Q5.7_4,Q5.7_5,Q5.7_6,Q5.7_7,Q5.7_8,Q5.7_9,Q5.7_10,Q5.7_11,Q5.7_12,Q5.7.1,Q5.8_1,Q5.8_2,Q5.8_3,Q5.8_4,Q5.8_5,Q5.8_6,Q5.8_7,Q5.8_8,Q5.8_9,Q5.8_10,Q5.8_11,Q5.8_12,Q5.8.1,Q5.9_1,Q5.9_2,Q5.9_3,Q5.9_4,Q5.9_5,Q5.9_6,Q5.9_7,Q5.9_8,Q5.9_9,Q5.9_10,Q5.9_11,Q5.9_12,Q5.9.1,Q5.10_1,Q5.10_2,Q5.10_3,Q5.10_4,Q5.10_5,Q5.10_6,Q5.10_7,Q5.10_8,Q5.10_9,Q5.10_10,Q5.10_11,Q5.10_12,Q5.10.1,Q5.11_1,Q5.11_2,Q5.11_3,Q5.11_4,Q5.11_5,Q5.11_6,Q5.11_7,Q5.11_8,Q5.11_9,Q5.11_10,Q5.11_11,Q5.11_12,Q5.11.1,Q5.12_1,Q5.12_2,Q5.12_3,Q5.12_4,Q5.12_5,Q5.12_6,Q5.12_7,Q5.12_8,Q5.12_9,Q5.12_10,Q5.12_11,Q5.12_12,Q5.12.1,Q5.13_1,Q5.13_2,Q5.13_3,Q5.13_4,Q5.13_5,Q5.13_6,Q5.13_7,Q5.13_8,Q5.13_9,Q5.13_10,Q5.13_11,Q5.13_12,Q5.13.1,Q6.1,Q6.1.1,Q6.2,Q6.3,Q6.4a,Q6.5a,Q6.4b,Q6.5b,Q6.6a,Q6.6b,Q6.7a,Q6.7b,Q6.8a,Q6.8b,Q6.9a,Q6.9b,Q6.10,Q6.11a,Q6.11b,Q6.12,Q6.13a,Q6.13b,Q7.1,Q7.2,Q7.3,Q7.4,Q7.5,Q7.6,Q7.7,Q7.8,Q7.9,Q7.10,Q8.1,Q8.2,Q8.3,Q8.4,Q8.5,Q8.6,Q8.7,Q8.8,Q8.9,Q8.10,Q10.1_1,Q10.1_2,Q10.1_3,Q10.1_4,Q10.1_5,Q10.1_6,Q103_1,Q103_2,Q103_3,Q103_4,Q103_5,Q103_6,Q9.1,Q9.2
Start Date,End Date,Response Type,IP Address,Progress,Duration (in seconds),Finished,Recorded Date,Response ID,Recipient Last Name,Recipient First Name,Recipient Email,External Data Reference,Location Latitude,Location Longitude,Distribution Channel,User Language,What is your participant ID?,Timing - First Click,Timing - Last Click,Timing - Page Submit,Timing - Click Count,What is your age?,What is your sex? - Selected Choice,What is your sex? - Other: - Text,What is your ethnicity? - Selected Choice,What is your ethnicity? - Other - Text,What is your academic status?,What year in school are you?,Please answer the following questions regarding your opinions of yourself in the last six months. - I prefer to do two or more activities at the same time,Please answer the following questions regarding your opinions of yourself in the last six months. - I typically find myself doing two or more activities at the same time,Please answer the following questions regarding your opinions of yourself in the last six months. - I think doing multiple things at the same time is the most efficient way to use my time,Please answer the following questions regarding your opinions of yourself in the last six months. - I am comfortable doing more than one thing at once,Please answer the following questions regarding your opinions of yourself in the last six months. - I like to juggle two or more activities at the same time,"On average, how many hours per week do you spend using each of the following media?(Please enter a single number for each; remember there are 168 hours in a week, but you may use multiple media at the same time). - Print media (books, magazines, etc.)","On average, how many hours per week do you spend using each of the following media?(Please enter a single number for each; remember there are 168 hours in a week, but you may use multiple media at the same time). - Television","On average, how many hours per week do you spend using each of the following media?(Please enter a single number for each; remember there are 168 hours in a week, but you may use multiple media at the same time). - Computer-based video (e.g. YouTube)","On average, how many hours per week do you spend using each of the following media?(Please enter a single number for each; remember there are 168 hours in a week, but you may use multiple media at the same time). - Music","On average, how many hours per week do you spend using each of the following media?(Please enter a single number for each; remember there are 168 hours in a week, but you may use multiple media at the same time). - Non-Music audio (e.g. podcasts, radio shows)","On average, how many hours per week do you spend using each of the following media?(Please enter a single number for each; remember there are 168 hours in a week, but you may use multiple media at the same time). - Video games / computer games","On average, how many hours per week do you spend using each of the following media?(Please enter a single number for each; remember there are 168 hours in a week, but you may use multiple media at the same time). - Telephone/voice calls","On average, how many hours per week do you spend using each of the following media?(Please enter a single number for each; remember there are 168 hours in a week, but you may use multiple media at the same time). - Instant messaging (e.g. Facebook Messenger, WeChat)","On average, how many hours per week do you spend using each of the following media?(Please enter a single number for each; remember there are 168 hours in a week, but you may use multiple media at the same time). - Text Messaging","On average, how many hours per week do you spend using each of the following media?(Please enter a single number for each; remember there are 168 hours in a week, but you may use multiple media at the same time). - Email","On average, how many hours per week do you spend using each of the following media?(Please enter a single number for each; remember there are 168 hours in a week, but you may use multiple media at the same time). - Web Surfing","On average, how many hours per week do you spend using each of the following media?(Please enter a single number for each; remember there are 168 hours in a week, but you may use multiple media at the same time). - Other computer-based applications (e.g. Word)","On average, how many hours per week do you spend using each of the following media?(Please enter a single number for each; remember there are 168 hours in a week, but you may use multiple media at the same time). - Other mobile apps (e.g. Snapchat, Instagram)",Please indicate how often you simultaneously engage in each of the following types of media while using print media (e.g. reading books or magazines). - Television,Please indicate how often you simultaneously engage in each of the following types of media while using print media (e.g. reading books or magazines). - Computer-based videos (e.g. YouTube),Please indicate how often you simultaneously engage in each of the following types of media while using print media (e.g. reading books or magazines). - Music,Please indicate how often you simultaneously engage in each of the following types of media while using print media (e.g. reading books or magazines). - Non-music audio (e.g. podcasts),Please indicate how often you simultaneously engage in each of the following types of media while using print media (e.g. reading books or magazines). - Video games / computer games,Please indicate how often you simultaneously engage in each of the following types of media while using print media (e.g. reading books or magazines). - Telephone/voice calls,"Please indicate how often you simultaneously engage in each of the following types of media while using print media (e.g. reading books or magazines). - Instant messaging (e.g. Facebook Messenger, WeChat)",Please indicate how often you simultaneously engage in each of the following types of media while using print media (e.g. reading books or magazines). - Text messaging,Please indicate how often you simultaneously engage in each of the following types of media while using print media (e.g. reading books or magazines). - Email,Please indicate how often you simultaneously engage in each of the following types of media while using print media (e.g. reading books or magazines). - Web surfing,Please indicate how often you simultaneously engage in each of the following types of media while using print media (e.g. reading books or magazines). - Other computer-based applications (e.g. Word),"Please indicate how often you simultaneously engage in each of the following types of media while using print media (e.g. reading books or magazines). - Other moblie apps (e.g. Snapchat, Instagram)","When you are engaging in print media (e.g. reading books or magazines) in one language, how often are you simultaneously using media in another language?",Please indicate how often you simultaneously engage in each of the following types of media while watching television. - Print media,Please indicate how often you simultaneously engage in each of the following types of media while watching television. - Computer-based video (e.g. YouTube),Please indicate how often you simultaneously engage in each of the following types of media while watching television. - Music,Please indicate how often you simultaneously engage in each of the following types of media while watching television. - Non-music audio (e.g. podcasts),Please indicate how often you simultaneously engage in each of the following types of media while watching television. - Video games / computer games,Please indicate how often you simultaneously engage in each of the following types of media while watching television. - Telephone/voice calls,"Please indicate how often you simultaneously engage in each of the following types of media while watching television. - Instant messaging (e.g. Facebook Messenger, WeChat)",Please indicate how often you simultaneously engage in each of the following types of media while watching television. - Text messaging,Please indicate how often you simultaneously engage in each of the following types of media while watching television. - Email,Please indicate how often you simultaneously engage in each of the following types of media while watching television. - Web surfing,Please indicate how often you simultaneously engage in each of the following types of media while watching television. - Other computer-based applications (e.g. Word),"Please indicate how often you simultaneously engage in each of the following types of media while watching television. - Other moblie apps (e.g. Snapchat, Instagram)",When you are watching television in one language how often are you simultaneously using media in another language?,Please indicate how often you simultaneously engage in each of the following types of media while watching computer-based video (e.g. YouTube). - Print media,Please indicate how often you simultaneously engage in each of the following types of media while watching computer-based video (e.g. YouTube). - Television,Please indicate how often you simultaneously engage in each of the following types of media while watching computer-based video (e.g. YouTube). - Music,Please indicate how often you simultaneously engage in each of the following types of media while watching computer-based video (e.g. YouTube). - Non-music audio (e.g. podcasts),Please indicate how often you simultaneously engage in each of the following types of media while watching computer-based video (e.g. YouTube). - Video games / computer games,Please indicate how often you simultaneously engage in each of the following types of media while watching computer-based video (e.g. YouTube). - Telephone/voice calls,"Please indicate how often you simultaneously engage in each of the following types of media while watching computer-based video (e.g. YouTube). - Instant messaging (e.g. Facebook Messenger, WeChat)",Please indicate how often you simultaneously engage in each of the following types of media while watching computer-based video (e.g. YouTube). - Text messaging,Please indicate how often you simultaneously engage in each of the following types of media while watching computer-based video (e.g. YouTube). - Email,Please indicate how often you simultaneously engage in each of the following types of media while watching computer-based video (e.g. YouTube). - Web surfing,Please indicate how often you simultaneously engage in each of the following types of media while watching computer-based video (e.g. YouTube). - Other computer-based applications (e.g. Word),"Please indicate how often you simultaneously engage in each of the following types of media while watching computer-based video (e.g. YouTube). - Other moblie apps (e.g. Snapchat, Instagram)",When you are watching computer-based video (e.g. YouTube) in one language how often are you simultaneously using media in another language?,Please indicate how often you simultaneously engage in each of the following types of media while listening to music. - Print media,Please indicate how often you simultaneously engage in each of the following types of media while listening to music. - Television,Please indicate how often you simultaneously engage in each of the following types of media while listening to music. - Computer-based video (e.g. YouTube),Please indicate how often you simultaneously engage in each of the following types of media while listening to music. - Non-music audio (e.g. podcasts),Please indicate how often you simultaneously engage in each of the following types of media while listening to music. - Video games / computer games,Please indicate how often you simultaneously engage in each of the following types of media while listening to music. - Telephone/voice calls,"Please indicate how often you simultaneously engage in each of the following types of media while listening to music. - Instant messaging (e.g. Facebook Messenger, WeChat)",Please indicate how often you simultaneously engage in each of the following types of media while listening to music. - Text messaging,Please indicate how often you simultaneously engage in each of the following types of media while listening to music. - Email,Please indicate how often you simultaneously engage in each of the following types of media while listening to music. - Web surfing,Please indicate how often you simultaneously engage in each of the following types of media while listening to music. - Other computer-based applications (e.g. Word),"Please indicate how often you simultaneously engage in each of the following types of media while listening to music. - Other moblie apps (e.g. Snapchat, Instagram)",When you are listening to music in one language how often are you simultaneously using media in another language?,"Please indicate how often you simultaneously engage in each of the following types of media while listening to non-music audio (e.g. podcasts, talk shows). - Print media","Please indicate how often you simultaneously engage in each of the following types of media while listening to non-music audio (e.g. podcasts, talk shows). - Television","Please indicate how often you simultaneously engage in each of the following types of media while listening to non-music audio (e.g. podcasts, talk shows). - Computer-based video (e.g. YouTube)","Please indicate how often you simultaneously engage in each of the following types of media while listening to non-music audio (e.g. podcasts, talk shows). - Music","Please indicate how often you simultaneously engage in each of the following types of media while listening to non-music audio (e.g. podcasts, talk shows). - Video games / computer games","Please indicate how often you simultaneously engage in each of the following types of media while listening to non-music audio (e.g. podcasts, talk shows). - Telephone/voice calls","Please indicate how often you simultaneously engage in each of the following types of media while listening to non-music audio (e.g. podcasts, talk shows). - Instant messaging (e.g. Facebook Messenger, WeChat)","Please indicate how often you simultaneously engage in each of the following types of media while listening to non-music audio (e.g. podcasts, talk shows). - Text messaging","Please indicate how often you simultaneously engage in each of the following types of media while listening to non-music audio (e.g. podcasts, talk shows). - Email","Please indicate how often you simultaneously engage in each of the following types of media while listening to non-music audio (e.g. podcasts, talk shows). - Web surfing","Please indicate how often you simultaneously engage in each of the following types of media while listening to non-music audio (e.g. podcasts, talk shows). - Other computer-based applications (e.g. Word)","Please indicate how often you simultaneously engage in each of the following types of media while listening to non-music audio (e.g. podcasts, talk shows). - Other moblie apps (e.g. Snapchat, Instagram)","When you are listening to listening to non-music audio (e.g. podcasts, talk shows) in one language how often are you simultaneously using media in another language?",Please indicate how often you simultaneously engage in each of the following types of media while playing video games or computer games. - Print media,Please indicate how often you simultaneously engage in each of the following types of media while playing video games or computer games. - Television,Please indicate how often you simultaneously engage in each of the following types of media while playing video games or computer games. - Computer-based video (e.g. YouTube),Please indicate how often you simultaneously engage in each of the following types of media while playing video games or computer games. - Music,Please indicate how often you simultaneously engage in each of the following types of media while playing video games or computer games. - Non-music audio,Please indicate how often you simultaneously engage in each of the following types of media while playing video games or computer games. - Telephone/voice calls,"Please indicate how often you simultaneously engage in each of the following types of media while playing video games or computer games. - Instant messaging (e.g. Facebook Messenger, WeChat)",Please indicate how often you simultaneously engage in each of the following types of media while playing video games or computer games. - Text messaging,Please indicate how often you simultaneously engage in each of the following types of media while playing video games or computer games. - Email,Please indicate how often you simultaneously engage in each of the following types of media while playing video games or computer games. - Web surfing,Please indicate how often you simultaneously engage in each of the following types of media while playing video games or computer games. - Other computer-based applications (e.g. Word),"Please indicate how often you simultaneously engage in each of the following types of media while playing video games or computer games. - Other moblie apps (e.g. Snapchat, Instagram)",When you are playing video games or computer games in one language how often are you simultaneously using media in another language?,Please indicate how often you simultaneously engage in each of the following types of media while talking on the phone/making voice calls. - Print media,Please indicate how often you simultaneously engage in each of the following types of media while talking on the phone/making voice calls. - Television,Please indicate how often you simultaneously engage in each of the following types of media while talking on the phone/making voice calls. - Computer-based video (e.g. YouTube),Please indicate how often you simultaneously engage in each of the following types of media while talking on the phone/making voice calls. - Music,Please indicate how often you simultaneously engage in each of the following types of media while talking on the phone/making voice calls. - Non-music audio,Please indicate how often you simultaneously engage in each of the following types of media while talking on the phone/making voice calls. - Video games / computer games,"Please indicate how often you simultaneously engage in each of the following types of media while talking on the phone/making voice calls. - Instant messaging (e.g. Facebook Messenger, WeChat)",Please indicate how often you simultaneously engage in each of the following types of media while talking on the phone/making voice calls. - Text messaging,Please indicate how often you simultaneously engage in each of the following types of media while talking on the phone/making voice calls. - Email,Please indicate how often you simultaneously engage in each of the following types of media while talking on the phone/making voice calls. - Web surfing,Please indicate how often you simultaneously engage in each of the following types of media while talking on the phone/making voice calls. - Other computer-based applications (e.g. Word),"Please indicate how often you simultaneously engage in each of the following types of media while talking on the phone/making voice calls. - Other moblie apps (e.g. Snapchat, Instagram)",When you are talking on the phone/making voice calls in one language how often are you simultaneously using media in another language?,"Please indicate how often you simultaneously engage in each of the following types of media while instant messaging (e.g. using Facebook Messenger, WeChat). - Print media","Please indicate how often you simultaneously engage in each of the following types of media while instant messaging (e.g. using Facebook Messenger, WeChat). - Television","Please indicate how often you simultaneously engage in each of the following types of media while instant messaging (e.g. using Facebook Messenger, WeChat). - Computer-based video (e.g. YouTube)","Please indicate how often you simultaneously engage in each of the following types of media while instant messaging (e.g. using Facebook Messenger, WeChat). - Music","Please indicate how often you simultaneously engage in each of the following types of media while instant messaging (e.g. using Facebook Messenger, WeChat). - Non-music audio","Please indicate how often you simultaneously engage in each of the following types of media while instant messaging (e.g. using Facebook Messenger, WeChat). - Video games / computer games","Please indicate how often you simultaneously engage in each of the following types of media while instant messaging (e.g. using Facebook Messenger, WeChat). - Telephone / voice calls","Please indicate how often you simultaneously engage in each of the following types of media while instant messaging (e.g. using Facebook Messenger, WeChat). - Text messaging","Please indicate how often you simultaneously engage in each of the following types of media while instant messaging (e.g. using Facebook Messenger, WeChat). - Email","Please indicate how often you simultaneously engage in each of the following types of media while instant messaging (e.g. using Facebook Messenger, WeChat). - Web surfing","Please indicate how often you simultaneously engage in each of the following types of media while instant messaging (e.g. using Facebook Messenger, WeChat). - Other computer-based applications (e.g. Word)","Please indicate how often you simultaneously engage in each of the following types of media while instant messaging (e.g. using Facebook Messenger, WeChat). - Other moblie apps (e.g. Snapchat, Instagram)","When you are instant messaging (e.g. using Facebook Messenger, WeChat) in one language how often are you simultaneously using media in another language?",Please indicate how often you simultaneously engage in each of the following types of media while text messaging. - Print media,Please indicate how often you simultaneously engage in each of the following types of media while text messaging. - Television,Please indicate how often you simultaneously engage in each of the following types of media while text messaging. - Computer-based video (e.g. YouTube),Please indicate how often you simultaneously engage in each of the following types of media while text messaging. - Music,Please indicate how often you simultaneously engage in each of the following types of media while text messaging. - Non-music audio,Please indicate how often you simultaneously engage in each of the following types of media while text messaging. - Video games / computer games,Please indicate how often you simultaneously engage in each of the following types of media while text messaging. - Telephone / voice calls,"Please indicate how often you simultaneously engage in each of the following types of media while text messaging. - Instant messaging (e.g. Facebook Messenger, WeChat)",Please indicate how often you simultaneously engage in each of the following types of media while text messaging. - Email,Please indicate how often you simultaneously engage in each of the following types of media while text messaging. - Web surfing,Please indicate how often you simultaneously engage in each of the following types of media while text messaging. - Other computer-based applications (e.g. Word),"Please indicate how often you simultaneously engage in each of the following types of media while text messaging. - Other moblie apps (e.g. Snapchat, Instagram)",When you are text messaging in one language how often are you simultaneously using media in another language?,Please indicate how often you simultaneously engage in each of the following types of media while sending / checking emails. - Print media,Please indicate how often you simultaneously engage in each of the following types of media while sending / checking emails. - Television,Please indicate how often you simultaneously engage in each of the following types of media while sending / checking emails. - Computer-based video (e.g. YouTube),Please indicate how often you simultaneously engage in each of the following types of media while sending / checking emails. - Music,Please indicate how often you simultaneously engage in each of the following types of media while sending / checking emails. - Non-music audio,Please indicate how often you simultaneously engage in each of the following types of media while sending / checking emails. - Video games / computer games,Please indicate how often you simultaneously engage in each of the following types of media while sending / checking emails. - Telephone / voice calls,"Please indicate how often you simultaneously engage in each of the following types of media while sending / checking emails. - Instant messaging (e.g. Facebook Messenger, WeChat)",Please indicate how often you simultaneously engage in each of the following types of media while sending / checking emails. - Text messaging,Please indicate how often you simultaneously engage in each of the following types of media while sending / checking emails. - Web surfing,Please indicate how often you simultaneously engage in each of the following types of media while sending / checking emails. - Other computer-based applications (e.g. Word),"Please indicate how often you simultaneously engage in each of the following types of media while sending / checking emails. - Other moblie apps (e.g. Snapchat, Instagram)",When you are sending / checking emails in one language how often are you simultaneously using media in another language?,Please indicate how often you simultaneously engage in each of the following types of media while surfing the web. - Print media,Please indicate how often you simultaneously engage in each of the following types of media while surfing the web. - Television,Please indicate how often you simultaneously engage in each of the following types of media while surfing the web. - Computer-based video (e.g. YouTube),Please indicate how often you simultaneously engage in each of the following types of media while surfing the web. - Music,Please indicate how often you simultaneously engage in each of the following types of media while surfing the web. - Non-music audio,Please indicate how often you simultaneously engage in each of the following types of media while surfing the web. - Video games / computer games,Please indicate how often you simultaneously engage in each of the following types of media while surfing the web. - Telephone / voice calls,"Please indicate how often you simultaneously engage in each of the following types of media while surfing the web. - Instant messaging (e.g. Facebook Messenger, WeChat)",Please indicate how often you simultaneously engage in each of the following types of media while surfing the web. - Text messaging,Please indicate how often you simultaneously engage in each of the following types of media while surfing the web. - Email,Please indicate how often you simultaneously engage in each of the following types of media while surfing the web. - Other computer-based applications (e.g. Word),"Please indicate how often you simultaneously engage in each of the following types of media while surfing the web. - Other moblie apps (e.g. Snapchat, Instagram)",When you are surfing the web in one language how often are you simultaneously using media in another language?,Please indicate how often you simultaneously engage in each of the following types of media while using other computer-based applications (e.g. Word). - Print media,Please indicate how often you simultaneously engage in each of the following types of media while using other computer-based applications (e.g. Word). - Television,Please indicate how often you simultaneously engage in each of the following types of media while using other computer-based applications (e.g. Word). - Computer-based video (e.g. YouTube),Please indicate how often you simultaneously engage in each of the following types of media while using other computer-based applications (e.g. Word). - Music,Please indicate how often you simultaneously engage in each of the following types of media while using other computer-based applications (e.g. Word). - Non-music audio,Please indicate how often you simultaneously engage in each of the following types of media while using other computer-based applications (e.g. Word). - Video games / computer games,Please indicate how often you simultaneously engage in each of the following types of media while using other computer-based applications (e.g. Word). - Telephone / voice calls,"Please indicate how often you simultaneously engage in each of the following types of media while using other computer-based applications (e.g. Word). - Instant messaging (e.g. Facebook Messenger, WeChat)",Please indicate how often you simultaneously engage in each of the following types of media while using other computer-based applications (e.g. Word). - Text messaging,Please indicate how often you simultaneously engage in each of the following types of media while using other computer-based applications (e.g. Word). - Email,Please indicate how often you simultaneously engage in each of the following types of media while using other computer-based applications (e.g. Word). - Web surfing,"Please indicate how often you simultaneously engage in each of the following types of media while using other computer-based applications (e.g. Word). - Other moblie apps (e.g. Snapchat, Instagram)",When you are using other computer-based applications (e.g. Word) in one language how often are you simultaneously using media in another language?,"Please indicate how often you simultaneously engage in each of the following types of media while using other mobile-based apps (e.g. Snapchat, Instagram). - Print media","Please indicate how often you simultaneously engage in each of the following types of media while using other mobile-based apps (e.g. Snapchat, Instagram). - Television","Please indicate how often you simultaneously engage in each of the following types of media while using other mobile-based apps (e.g. Snapchat, Instagram). - Computer-based video (e.g. YouTube)","Please indicate how often you simultaneously engage in each of the following types of media while using other mobile-based apps (e.g. Snapchat, Instagram). - Music","Please indicate how often you simultaneously engage in each of the following types of media while using other mobile-based apps (e.g. Snapchat, Instagram). - Non-music audio","Please indicate how often you simultaneously engage in each of the following types of media while using other mobile-based apps (e.g. Snapchat, Instagram). - Video games / computer games","Please indicate how often you simultaneously engage in each of the following types of media while using other mobile-based apps (e.g. Snapchat, Instagram). - Telephone / voice calls","Please indicate how often you simultaneously engage in each of the following types of media while using other mobile-based apps (e.g. Snapchat, Instagram). - Instant messaging (e.g. Facebook Messenger, WeChat)","Please indicate how often you simultaneously engage in each of the following types of media while using other mobile-based apps (e.g. Snapchat, Instagram). - Text messaging","Please indicate how often you simultaneously engage in each of the following types of media while using other mobile-based apps (e.g. Snapchat, Instagram). - Email","Please indicate how often you simultaneously engage in each of the following types of media while using other mobile-based apps (e.g. Snapchat, Instagram). - Web surfing","Please indicate how often you simultaneously engage in each of the following types of media while using other mobile-based apps (e.g. Snapchat, Instagram). - Other computer-based applications (e.g. Word)",When you are using other computer-based applications (e.g. Word) in one language how often are you simultaneously using media in another language?,"Other than English, what is your primary language?","If you answered ""other"" to the previous question, please write down the language you primarily use other than English",At what age did you first learn English?,At what age did you feel comfortable speaking English?,At what age did you first learn [QID89-ChoiceGroup-SelectedChoices]?,At what age did you feel comfortable speaking [QID89-ChoiceGroup-SelectedChoices]?,At what age did you first learn [QID90-ChoiceTextEntryValue]?,At what age did you first feel comfortable speaking [QID90-ChoiceTextEntryValue]?,Which language do you predominately use at home?,Which language do you predominately use at home?,"When doing math in your head (such as multiplying 243 × 5), which language do you calculate the numbers in?","When doing math in your head (such as multiplying 243 × 5), which language do you calculate the numbers in?","If you have a foreign accent, which language(s) is it primarily in?","If you have a foreign accent, which language(s) is it in?","If you had to choose which language to use for the rest of your life, which language would it be?","If you had to choose which language to use for the rest of your life, which language would it be?",How many years of schooling (primary school through university) did you have in English?,How many years of schooling (primary school through university) did you have in [QID89-ChoiceGroup-SelectedChoices]?,How many years of schooling (primary school through university) did you have in [QID90-ChoiceTextEntryValue]?,Do you feel that you have lost some fluency in a particular language in recent years?,"If you answered ""yes"" to the previous language, which language have you lost fluency in?","If you answered ""yes"" to the previous language, which language have you lost fluency in?",Why does the narrator have to move to the country side/commuting town alone?,The place that the author lives got its name from:,The narrator had an encounter after he moved to the country that convinced him that he was not lonely and that life was beginning again. What was that encounter?,"After moving into his new place, the narrator decides to do something to enrich his new life and bring back a bit of his old lifestyle? What does he do?","According to the narrator, the building right next to his own is:","Tom Buchanan, the husband of the narrator’s second cousin Daisy, was which of the following in his early twenties?",Which of the following is the example that the author gives of Tom’s incredible wealth and his squandering of his money?,"Tom and Daisy drifted here and there restlessly for a period of time before they move to the East. According to the author, what is the common feature of all the places that they chose to stay?",The author states that there were men at New Haven who had hated Tom’s guts because of:,Which of the following was NOT mentioned in the author’s description of Tom’s house?,"As mentioned several times in the clip, the animals were busy with doing which of the following:","According to the humans (who do not believe that the windmill was destroyed by Snowball), what is the reason that the windmill has fallen down?",Which of the following is a factor that contributed to the starvation faced by animals?,Which of the following is a lie that humans told about the animals in the farm?,Which of the following is a method used by the animals to make humans believe that they were not facing food shortage?,"The rebellious act of the hens to protest the order to surrender their eggs was which of
the following:",The hens eventually gave up fighting for their eggs because:,Which of the following is NOT a crime committed by Snowball according to the animals?,What did the animals say after finding out that a lost key was under a sack of meal instead of being thrown down the well by Snowball?,What did Napoleon do to track down Snowball?,"Please answer the following questions regarding your thoughts about the 
matching task and the audiobook when the audiobook you were listening to was in ENGLISH. - I found the matching task difficult","Please answer the following questions regarding your thoughts about the 
matching task and the audiobook when the audiobook you were listening to was in ENGLISH. - I was paying attention to the matching task","Please answer the following questions regarding your thoughts about the 
matching task and the audiobook when the audiobook you were listening to was in ENGLISH. - I found myself enjoying the matching task","Please answer the following questions regarding your thoughts about the 
matching task and the audiobook when the audiobook you were listening to was in ENGLISH. - I found the audiobook difficult","Please answer the following questions regarding your thoughts about the 
matching task and the audiobook when the audiobook you were listening to was in ENGLISH. - I was paying attention to the audiobook","Please answer the following questions regarding your thoughts about the 
matching task and the audiobook when the audiobook you were listening to was in ENGLISH. - I found myself enjoying the audiobook","Please answer the following questions regarding your thoughts about the 
matching task and the audiobook when the audiobook you were listening to was NOT in ENGLISH. - I found the matching task difficult","Please answer the following questions regarding your thoughts about the 
matching task and the audiobook when the audiobook you were listening to was NOT in ENGLISH. - I was paying attention to the matching task","Please answer the following questions regarding your thoughts about the 
matching task and the audiobook when the audiobook you were listening to was NOT in ENGLISH. - I found myself enjoying the matching task","Please answer the following questions regarding your thoughts about the 
matching task and the audiobook when the audiobook you were listening to was NOT in ENGLISH. - I found the audiobook difficult","Please answer the following questions regarding your thoughts about the 
matching task and the audiobook when the audiobook you were listening to was NOT in ENGLISH. - I was paying attention to the audiobook","Please answer the following questions regarding your thoughts about the 
matching task and the audiobook when the audiobook you were listening to was NOT in ENGLISH. - I found myself enjoying the audiobook","Did you respond randomly at any point during this survey? 
Please answer honestly. You will receive your SONA Credit regardless of your response",Did you stop trying at any point during the matching task?Please answer honestly. You will receive your SONA Credit regardless of your response
"{""ImportId"":""startDate"",""timeZone"":""America/Los_Angeles""}","{""ImportId"":""endDate"",""timeZone"":""America/Los_Angeles""}","{""ImportId"":""status""}","{""ImportId"":""ipAddress""}","{""ImportId"":""progress""}","{""ImportId"":""duration""}","{""ImportId"":""finished""}","{""ImportId"":""recordedDate"",""timeZone"":""America/Los_Angeles""}","{""ImportId"":""_recordId""}","{""ImportId"":""recipientLastName""}","{""ImportId"":""recipientFirstName""}","{""ImportId"":""recipientEmail""}","{""ImportId"":""externalDataReference""}","{""ImportId"":""locationLatitude""}","{""ImportId"":""locationLongitude""}","{""ImportId"":""distributionChannel""}","{""ImportId"":""userLanguage""}","{""ImportId"":""QID1_TEXT""}","{""ImportId"":""QID71_FIRST_CLICK""}","{""ImportId"":""QID71_LAST_CLICK""}","{""ImportId"":""QID71_PAGE_SUBMIT""}","{""ImportId"":""QID71_CLICK_COUNT""}","{""ImportId"":""QID5_TEXT""}","{""ImportId"":""QID6""}","{""ImportId"":""QID6_3_TEXT""}","{""ImportId"":""QID7""}","{""ImportId"":""QID7_7_TEXT""}","{""ImportId"":""QID8""}","{""ImportId"":""QID9""}","{""ImportId"":""QID64_1""}","{""ImportId"":""QID64_2""}","{""ImportId"":""QID64_3""}","{""ImportId"":""QID64_4""}","{""ImportId"":""QID64_5""}","{""ImportId"":""QID24_1""}","{""ImportId"":""QID24_2""}","{""ImportId"":""QID24_3""}","{""ImportId"":""QID24_4""}","{""ImportId"":""QID24_5""}","{""ImportId"":""QID24_6""}","{""ImportId"":""QID24_7""}","{""ImportId"":""QID24_8""}","{""ImportId"":""QID24_9""}","{""ImportId"":""QID24_10""}","{""ImportId"":""QID24_11""}","{""ImportId"":""QID24_12""}","{""ImportId"":""QID24_13""}","{""ImportId"":""QID26_1""}","{""ImportId"":""QID26_2""}","{""ImportId"":""QID26_3""}","{""ImportId"":""QID26_4""}","{""ImportId"":""QID26_5""}","{""ImportId"":""QID26_6""}","{""ImportId"":""QID26_7""}","{""ImportId"":""QID26_8""}","{""ImportId"":""QID26_9""}","{""ImportId"":""QID26_10""}","{""ImportId"":""QID26_11""}","{""ImportId"":""QID26_12""}","{""ImportId"":""QID73""}","{""ImportId"":""QID30_1""}","{""ImportId"":""QID30_2""}","{""ImportId"":""QID30_3""}","{""ImportId"":""QID30_4""}","{""ImportId"":""QID30_5""}","{""ImportId"":""QID30_6""}","{""ImportId"":""QID30_7""}","{""ImportId"":""QID30_8""}","{""ImportId"":""QID30_9""}","{""ImportId"":""QID30_10""}","{""ImportId"":""QID30_11""}","{""ImportId"":""QID30_12""}","{""ImportId"":""QID74""}","{""ImportId"":""QID31_1""}","{""ImportId"":""QID31_2""}","{""ImportId"":""QID31_3""}","{""ImportId"":""QID31_4""}","{""ImportId"":""QID31_5""}","{""ImportId"":""QID31_6""}","{""ImportId"":""QID31_7""}","{""ImportId"":""QID31_8""}","{""ImportId"":""QID31_9""}","{""ImportId"":""QID31_10""}","{""ImportId"":""QID31_11""}","{""ImportId"":""QID31_12""}","{""ImportId"":""QID75""}","{""ImportId"":""QID32_1""}","{""ImportId"":""QID32_2""}","{""ImportId"":""QID32_3""}","{""ImportId"":""QID32_4""}","{""ImportId"":""QID32_5""}","{""ImportId"":""QID32_6""}","{""ImportId"":""QID32_7""}","{""ImportId"":""QID32_8""}","{""ImportId"":""QID32_9""}","{""ImportId"":""QID32_10""}","{""ImportId"":""QID32_11""}","{""ImportId"":""QID32_12""}","{""ImportId"":""QID76""}","{""ImportId"":""QID33_1""}","{""ImportId"":""QID33_2""}","{""ImportId"":""QID33_3""}","{""ImportId"":""QID33_4""}","{""ImportId"":""QID33_5""}","{""ImportId"":""QID33_6""}","{""ImportId"":""QID33_7""}","{""ImportId"":""QID33_8""}","{""ImportId"":""QID33_9""}","{""ImportId"":""QID33_10""}","{""ImportId"":""QID33_11""}","{""ImportId"":""QID33_12""}","{""ImportId"":""QID77""}","{""ImportId"":""QID34_1""}","{""ImportId"":""QID34_2""}","{""ImportId"":""QID34_3""}","{""ImportId"":""QID34_4""}","{""ImportId"":""QID34_5""}","{""ImportId"":""QID34_6""}","{""ImportId"":""QID34_7""}","{""ImportId"":""QID34_8""}","{""ImportId"":""QID34_9""}","{""ImportId"":""QID34_10""}","{""ImportId"":""QID34_11""}","{""ImportId"":""QID34_12""}","{""ImportId"":""QID78""}","{""ImportId"":""QID35_1""}","{""ImportId"":""QID35_2""}","{""ImportId"":""QID35_3""}","{""ImportId"":""QID35_4""}","{""ImportId"":""QID35_5""}","{""ImportId"":""QID35_6""}","{""ImportId"":""QID35_7""}","{""ImportId"":""QID35_8""}","{""ImportId"":""QID35_9""}","{""ImportId"":""QID35_10""}","{""ImportId"":""QID35_11""}","{""ImportId"":""QID35_12""}","{""ImportId"":""QID79""}","{""ImportId"":""QID36_1""}","{""ImportId"":""QID36_2""}","{""ImportId"":""QID36_3""}","{""ImportId"":""QID36_4""}","{""ImportId"":""QID36_5""}","{""ImportId"":""QID36_6""}","{""ImportId"":""QID36_7""}","{""ImportId"":""QID36_8""}","{""ImportId"":""QID36_9""}","{""ImportId"":""QID36_10""}","{""ImportId"":""QID36_11""}","{""ImportId"":""QID36_12""}","{""ImportId"":""QID80""}","{""ImportId"":""QID37_1""}","{""ImportId"":""QID37_2""}","{""ImportId"":""QID37_3""}","{""ImportId"":""QID37_4""}","{""ImportId"":""QID37_5""}","{""ImportId"":""QID37_6""}","{""ImportId"":""QID37_7""}","{""ImportId"":""QID37_8""}","{""ImportId"":""QID37_9""}","{""ImportId"":""QID37_10""}","{""ImportId"":""QID37_11""}","{""ImportId"":""QID37_12""}","{""ImportId"":""QID81""}","{""ImportId"":""QID38_1""}","{""ImportId"":""QID38_2""}","{""ImportId"":""QID38_3""}","{""ImportId"":""QID38_4""}","{""ImportId"":""QID38_5""}","{""ImportId"":""QID38_6""}","{""ImportId"":""QID38_7""}","{""ImportId"":""QID38_8""}","{""ImportId"":""QID38_9""}","{""ImportId"":""QID38_10""}","{""ImportId"":""QID38_11""}","{""ImportId"":""QID38_12""}","{""ImportId"":""QID82""}","{""ImportId"":""QID39_1""}","{""ImportId"":""QID39_2""}","{""ImportId"":""QID39_3""}","{""ImportId"":""QID39_4""}","{""ImportId"":""QID39_5""}","{""ImportId"":""QID39_6""}","{""ImportId"":""QID39_7""}","{""ImportId"":""QID39_8""}","{""ImportId"":""QID39_9""}","{""ImportId"":""QID39_10""}","{""ImportId"":""QID39_11""}","{""ImportId"":""QID39_12""}","{""ImportId"":""QID83""}","{""ImportId"":""QID40_1""}","{""ImportId"":""QID40_2""}","{""ImportId"":""QID40_3""}","{""ImportId"":""QID40_4""}","{""ImportId"":""QID40_5""}","{""ImportId"":""QID40_6""}","{""ImportId"":""QID40_7""}","{""ImportId"":""QID40_8""}","{""ImportId"":""QID40_9""}","{""ImportId"":""QID40_10""}","{""ImportId"":""QID40_11""}","{""ImportId"":""QID40_12""}","{""ImportId"":""QID84""}","{""ImportId"":""QID41_1""}","{""ImportId"":""QID41_2""}","{""ImportId"":""QID41_3""}","{""ImportId"":""QID41_4""}","{""ImportId"":""QID41_5""}","{""ImportId"":""QID41_6""}","{""ImportId"":""QID41_7""}","{""ImportId"":""QID41_8""}","{""ImportId"":""QID41_9""}","{""ImportId"":""QID41_10""}","{""ImportId"":""QID41_11""}","{""ImportId"":""QID41_12""}","{""ImportId"":""QID85""}","{""ImportId"":""QID89""}","{""ImportId"":""QID90_TEXT""}","{""ImportId"":""QID86""}","{""ImportId"":""QID93""}","{""ImportId"":""QID88""}","{""ImportId"":""QID94""}","{""ImportId"":""QID91""}","{""ImportId"":""QID95""}","{""ImportId"":""QID92""}","{""ImportId"":""QID96""}","{""ImportId"":""QID97""}","{""ImportId"":""QID98""}","{""ImportId"":""QID99""}","{""ImportId"":""QID100""}","{""ImportId"":""QID101""}","{""ImportId"":""QID102""}","{""ImportId"":""QID104""}","{""ImportId"":""QID103""}","{""ImportId"":""QID105""}","{""ImportId"":""QID106""}","{""ImportId"":""QID107""}","{""ImportId"":""QID108""}","{""ImportId"":""QID110""}","{""ImportId"":""QID133""}","{""ImportId"":""QID111""}","{""ImportId"":""QID112""}","{""ImportId"":""QID113""}","{""ImportId"":""QID114""}","{""ImportId"":""QID115""}","{""ImportId"":""QID116""}","{""ImportId"":""QID117""}","{""ImportId"":""QID118""}","{""ImportId"":""QID119""}","{""ImportId"":""QID120""}","{""ImportId"":""QID121""}","{""ImportId"":""QID122""}","{""ImportId"":""QID128""}","{""ImportId"":""QID123""}","{""ImportId"":""QID124""}","{""ImportId"":""QID125""}","{""ImportId"":""QID126""}","{""ImportId"":""QID127""}","{""ImportId"":""QID130_1""}","{""ImportId"":""QID130_2""}","{""ImportId"":""QID130_3""}","{""ImportId"":""QID130_4""}","{""ImportId"":""QID130_5""}","{""ImportId"":""QID130_6""}","{""ImportId"":""QID131_1""}","{""ImportId"":""QID131_2""}","{""ImportId"":""QID131_3""}","{""ImportId"":""QID131_4""}","{""ImportId"":""QID131_5""}","{""ImportId"":""QID131_6""}","{""ImportId"":""QID68""}","{""ImportId"":""QID69""}"
11/3/18 17:57,11/3/18 17:57,1,,100,14,1,11/3/18 17:57,R_2b1VrsFC5ajZFXl,,,,,34.4329071,-119.8370972,preview,EN,,0,0,1.186,0,,,,,,,,,,,,,0,0,0,0,0,0,0,0,0,0,0,0,0,,,,,,,,,,,,,,,,,,,,,,,,,,,,,,,,,,,,,,,,,,,,,,,,,,,,,,,,,,,,,,,,,,,,,,,,,,,,,,,,,,,,,,,,,,,,,,,,,,,,,,,,,,,,,,,,,,,,,,,,,,,,,,,,,,,,,,,,,,,,,,,,,,,,,,,,,,,,,,,,,,,,,,,,,,,,,,,,,,,,,,,,,,,,,,,,,,,,,,,,,,,,,,,,,,,,,,,,,,,,,,,,,
11/6/18 16:32,11/6/18 16:54,0,128.111.149.100,100,1284,1,11/6/18 16:54,R_1pDlFUqaUdzcH1F,,,,,34.4329071,-119.8370972,anonymous,EN,1001,1.026,1.026,6.713,1,22,2,,2,,1,4,3,3,2,3,3,10,0,20,28,0,0,10,40,0,14,20,30,40,1,2,4,1,1,1,3,2,1,2,1,3,2,1,1,1,1,1,3,4,2,2,3,1,3,3,1,1,1,1,1,2,4,3,2,3,4,4,4,4,1,1,1,1,1,4,1,3,4,4,3,4,1,1,1,1,1,1,3,2,3,2,1,3,2,1,1,1,1,1,1,1,1,1,1,1,1,1,1,3,2,1,1,1,3,2,2,2,1,2,2,3,2,3,3,1,1,2,2,3,3,3,3,4,3,3,2,4,1,1,3,3,2,3,3,4,3,1,3,3,4,1,1,2,3,2,3,2,3,4,1,3,2,3,1,1,3,4,2,2,1,3,3,1,2,2,4,1,1,2,3,2,3,3,3,4,2,2,3,3,1,1,2,3,2,3,3,2,4,1,,3,4,1,1,,,2,,2,,2,,2,,2,2,,1,2,,3,1,2,3,1,5,3,5,3,3,2,1,2,2,2,1,2,1,1,2,1,3,2,3,1,1,1,3,2,3,1,1,1,6
11/9/18 14:00,11/9/18 14:13,0,128.111.149.102,100,821,1,11/9/18 14:13,R_3JmfIoDTDXHDUiP,,,,,34.4329071,-119.8370972,anonymous,EN,1003,1.874,1.874,4.417,1,21,2,,4,,1,3,4,2,5,2,3,0,2,2,0,0,0,6,12,12,2,12,6,12,1,1,1,1,1,1,1,1,1,1,1,1,3,1,1,1,1,1,1,1,1,1,1,1,1,1,1,1,1,1,1,3,4,4,4,4,1,4,3,1,1,1,1,1,4,4,4,4,4,4,4,3,1,1,1,1,1,1,1,1,1,1,1,1,1,1,3,3,3,1,3,3,3,3,3,3,3,3,1,1,3,3,3,3,3,3,3,2,2,1,3,1,1,1,1,1,3,3,3,3,3,3,3,3,1,4,,3,1,1,3,2,,1,2,3,3,1,1,1,1,1,1,1,1,2,3,3,2,3,3,3,1,4,1,1,2,3,4,4,4,3,3,3,3,2,4,1,1,3,3,4,2,4,4,4,1,4,1,4,1,4,3,4,4,3,4,4,4,2,,1,2,1,1,,,2,,1,,2,,2,,2,1,,1,2,,1,4,4,1,1,2,3,5,1,5,1,2,2,3,2,1,3,4,4,1,3,2,1,4,1,1,3,4,1,1,5,2,2,5
11/9/18 14:00,11/9/18 14:19,0,128.111.149.101,100,1132,1,11/9/18 14:19,R_3ekRv3SxaF0lnbm,,,,,34.4329071,-119.8370972,anonymous,EN,1002,0.79,0.79,3.391,1,21,1,,2,,1,4,6,6,6,6,6,3,,20,6,0,0,5,30,0,18,30,30,5,1,1,1,1,1,1,2,2,1,1,1,1,2,1,1,1,1,1,1,2,2,2,2,1,1,2,1,1,1,1,1,1,2,2,2,1,1,1,2,3,1,1,3,1,1,3,3,3,3,3,3,3,1,1,1,1,1,1,1,1,1,1,1,1,1,1,1,1,1,1,1,1,1,1,1,1,1,1,1,1,1,1,1,1,1,2,2,2,1,2,2,3,3,3,3,3,3,3,3,3,3,3,3,3,1,3,3,3,3,1,1,1,1,1,1,1,3,1,2,2,2,1,1,1,1,1,1,1,1,2,1,1,1,3,2,1,1,1,3,3,1,1,2,1,1,1,1,1,1,1,1,1,1,1,1,1,1,3,3,3,3,1,1,3,3,3,3,3,3,1,,2,4,1,1,,,2,,2,,2,,2,,1,2,,1,2,,3,2,1,2,1,5,5,5,1,2,2,4,1,3,2,2,2,2,2,2,3,3,2,3,3,2,3,3,2,3,3,2,1,5
11/13/18 15:59,11/13/18 16:13,0,128.111.149.102,100,823,1,11/13/18 16:13,R_3pgzE31e99G4Zut,,,,,34.4329071,-119.8370972,anonymous,EN,1006,1.099,1.099,3.676,1,19,2,,2,,1,2,7,7,7,7,7,4,0,5,2,0,0,1,2,3,2,4,5,8,1,1,3,1,1,1,3,3,3,3,3,3,2,1,1,1,1,1,1,1,1,1,1,1,1,1,1,1,1,1,1,1,3,3,2,2,1,3,2,3,1,1,1,2,1,4,4,4,4,4,4,3,1,1,1,1,1,1,1,1,1,1,1,1,1,1,1,1,1,1,1,1,1,1,1,1,1,1,1,2,2,1,1,1,2,2,2,2,1,2,3,3,3,3,3,1,1,2,3,3,3,3,3,2,3,3,3,3,1,1,3,3,3,3,1,3,2,2,1,2,2,1,1,2,2,2,2,2,2,1,2,2,2,2,1,1,1,1,2,2,2,2,2,2,1,1,3,1,1,1,2,2,2,2,2,1,3,3,3,3,1,1,2,2,3,3,2,2,2,3,Cantonese,1,1,,,1,1,,3,,1,,1,,1,2,,1,1,,2,1,3,4,3,1,2,3,5,5,5,,,,,,,,,,,2,4,2,4,4,2,2,4,2,4,3,3,1,6
11/13/18 15:58,11/13/18 16:13,0,128.111.149.106,100,869,1,11/13/18 16:13,R_3Dj9Yf1rvVDssPE,,,,,34.4329071,-119.8370972,anonymous,EN,1010,0.825,0.825,3.506,1,20,2,,2,,1,3,6,6,6,6,2,14,0,28,11,0,0,1,35,0,7,21,5,0,1,3,4,,1,2,3,1,2,1,1,1,2,2,3,2,1,1,2,3,2,2,1,1,1,2,2,1,2,1,1,1,3,2,2,3,2,1,2,3,2,1,1,1,2,3,2,2,2,3,1,2,1,1,2,2,1,1,3,2,2,2,2,1,2,2,1,2,3,1,1,2,1,2,2,1,1,2,2,2,3,1,1,1,2,2,2,2,2,1,2,2,1,3,3,1,1,1,2,3,2,2,1,2,2,1,3,2,1,1,1,3,2,2,2,1,2,1,2,3,3,1,1,2,3,2,2,2,1,2,2,2,3,3,1,1,2,3,2,2,2,1,2,1,1,1,2,1,1,1,1,2,2,2,1,2,2,1,3,2,1,1,2,3,2,2,2,1,2,1,,2,4,1,1,,,2,,2,,2,,2,,2,2,,3,,,1,1,4,2,2,5,1,1,3,5,1,2,3,2,2,1,2,3,2,1,3,4,4,3,3,3,2,3,3,2,3,3,2,6
11/13/18 15:58,11/13/18 16:16,0,128.111.149.104,100,1082,1,11/13/18 16:16,R_32PBZDcT4UqBNnX,,,,,34.4329071,-119.8370972,anonymous,EN,1008,1.516,1.796,4.812,2,18,2,,4,,1,1,3,2,3,3,4,1,5,14,0,0,0,4,0,1,0,2,0,14,2,2,3,1,1,2,1,2,1,3,1,3,2,1,1,1,1,1,2,1,1,1,2,1,2,3,1,1,1,1,1,1,1,2,1,1,1,3,3,2,1,1,1,1,1,1,3,1,4,1,3,3,1,1,1,1,1,1,1,1,1,1,1,1,1,1,1,1,1,1,1,1,1,1,1,1,1,1,2,3,3,1,1,1,1,2,1,2,1,2,3,2,1,2,3,1,1,2,2,1,1,1,3,3,2,3,3,4,1,1,2,1,1,1,1,3,3,1,1,2,3,1,1,1,1,2,2,1,3,2,1,3,2,4,1,1,2,1,2,1,1,3,3,1,1,1,1,1,1,1,1,1,1,1,1,1,2,3,2,4,1,1,2,1,2,1,1,1,3,2,,1,2,1,4,,,3,,1,,1,,1,,2,1,,1,2,,1,1,4,3,1,2,3,1,3,1,3,3,1,3,4,1,1,4,2,4,4,4,4,2,4,3,3,4,4,2,4,3,2,6
11/13/18 15:58,11/13/18 16:16,0,128.111.149.103,100,1125,1,11/13/18 16:16,R_2Sk5zWSkRteO4OY,,,,,34.4329071,-119.8370972,anonymous,EN,1007,1.444,1.837,4.365,2,18,2,,2,,1,1,5,4,5,5,5,0,0,6,6,0,0,0,3,5,4,0,0,3,1,1,1,1,1,1,1,1,1,1,1,2,3,1,1,1,1,1,2,3,3,1,1,1,1,3,1,2,1,1,1,2,3,3,1,1,1,3,,1,1,3,1,1,2,3,3,2,1,1,3,3,1,1,2,1,1,1,2,1,1,1,1,2,2,1,1,1,1,1,1,1,1,1,1,1,1,1,1,3,2,2,1,1,3,3,1,2,1,3,2,1,3,2,2,1,1,1,2,1,1,1,3,3,1,3,3,3,1,1,3,3,1,1,1,3,3,1,1,2,3,1,1,2,3,3,1,1,2,3,1,1,2,2,1,1,1,2,1,1,1,2,2,1,1,1,3,1,1,1,2,2,1,1,2,2,1,1,2,3,1,1,2,3,2,1,1,2,2,1,,2,5,1,2,,,2,,2,,2,,2,,2,2,,3,,,2,3,2,4,1,2,5,1,3,3,4,1,2,3,1,4,4,4,4,2,3,4,3,4,3,3,3,4,3,3,3,3,1,6
11/13/18 15:57,11/13/18 16:16,0,128.111.149.101,100,1161,1,11/13/18 16:17,R_2644BKst0cyDfzt,,,,,34.4329071,-119.8370972,anonymous,EN,1005,0.991,0.991,3.639,1,22,2,,4,,1,3,3,3,7,3,7,7,2,2,15,1,0,1,15,30,1,2,15,30,1,1,1,1,1,1,1,2,1,1,1,2,1,1,2,1,1,1,2,1,4,2,4,1,4,1,1,2,1,1,1,1,1,4,1,4,1,4,1,1,1,1,1,1,1,1,2,3,3,1,4,1,1,1,1,1,1,1,1,2,2,1,1,1,1,1,1,1,1,1,1,1,1,1,1,1,1,1,1,2,1,1,1,1,1,1,1,2,1,1,1,2,4,4,1,1,1,1,1,1,1,1,1,1,2,4,4,1,1,1,1,1,4,4,4,4,1,1,4,2,1,1,1,1,1,2,2,1,2,1,1,4,1,1,1,1,1,1,3,1,1,3,1,1,1,1,3,1,1,1,1,3,1,1,3,1,2,4,4,1,1,1,1,1,4,4,4,3,1,2,,1,2,1,2,,,3,,1,,2,,2,,2,1,,1,2,,2,2,1,4,1,1,2,2,2,2,2,3,1,1,4,3,4,4,3,2,2,4,3,4,3,2,1,4,3,4,4,2,2,6
11/13/18 15:57,11/13/18 16:18,0,128.111.149.100,100,1257,1,11/13/18 16:18,R_1dGIgkzSNn67F6r,,,,,34.4329071,-119.8370972,anonymous,EN,1004,1.053,1.053,3.613,1,20,2,,2,,1,3,5,3,5,5,5,3,0,8,15,1,0,2,1,2,0.5,1,0,3.5,1,1,2,1,1,1,1,1,1,1,1,1,1,1,1,1,1,1,1,1,1,1,1,1,1,1,1,1,1,1,1,3,2,2,1,1,1,2,2,1,1,1,1,1,2,2,2,2,2,2,2,1,1,1,1,1,1,1,1,2,1,2,1,2,1,1,1,1,1,1,1,1,1,1,1,1,1,1,1,1,2,1,1,1,2,2,1,2,1,2,1,1,1,2,2,1,1,1,2,2,2,1,2,1,1,1,2,3,1,1,2,2,1,2,2,2,1,1,1,2,3,1,1,1,1,1,1,1,1,,1,1,1,3,1,1,2,1,2,2,1,2,1,1,1,1,3,1,1,1,1,2,1,2,2,1,1,1,1,3,1,1,1,1,2,1,2,1,1,1,,2,2,1,1,,,2,,1,,1,,1,,2,1,,1,2,,1,3,3,1,2,5,2,5,3,5,4,4,1,4,1,1,1,2,3,3,2,4,3,4,2,3,2,4,3,5,2,2,2,6
11/13/18 15:58,11/13/18 16:24,0,128.111.149.105,100,1529,1,11/13/18 16:24,R_3CD9QsWbj0teRal,,,,,34.4329071,-119.8370972,anonymous,EN,1009,1.7,1.7,4.378,1,18,2,,2,,1,1,3,2,6,3,3,2,0,20,10,0,0,1,10,0,5,10,30,1,1,1,3,1,1,1,4,1,2,3,4,1,2,1,3,1,1,1,1,3,1,1,1,1,1,2,1,1,1,1,1,1,4,1,2,2,1,1,3,4,1,1,1,1,1,3,1,1,3,3,1,3,1,1,1,1,1,1,1,1,1,1,1,1,1,1,1,1,2,1,1,2,1,1,1,1,1,2,2,1,1,1,1,1,4,1,1,1,2,1,3,2,1,4,4,1,2,3,1,1,1,3,1,2,2,1,2,3,1,1,1,1,1,1,1,1,2,2,1,2,2,1,1,1,2,1,3,3,1,1,2,1,2,3,1,1,2,4,1,2,4,1,3,2,1,1,3,1,1,3,4,1,3,3,1,2,1,1,2,2,1,1,1,4,1,1,2,1,4,1,,2,3,1,1,,,2,,2,,2,,2,,1,2,,3,,,1,3,4,1,1,2,3,1,5,2,2,4,1,3,2,1,2,4,1,1,3,4,3,4,4,4,3,4,2,4,5,2,2,6
11/13/18 15:59,11/13/18 16:25,0,128.111.149.107,100,1577,1,11/13/18 16:25,R_2wtPMIdDQOQccE5,,,,,34.4329071,-119.8370972,anonymous,EN,1011,2.1,2.1,4.78,1,21,2,,2,,1,3,2,3,4,2,5,39,2,30,5,0,2,7,5,2,1,50,5,20,2,3,3,1,3,3,4,2,2,4,3,2,3,2,3,3,1,1,3,4,2,3,3,1,2,4,2,2,3,1,2,2,2,2,2,3,1,2,4,3,2,4,1,2,2,3,1,1,3,1,2,3,2,2,1,4,2,2,2,1,1,3,1,2,1,2,2,2,1,1,2,2,2,2,3,1,1,2,2,1,1,2,1,4,2,1,1,1,1,1,3,2,2,1,1,1,1,4,2,2,3,1,1,2,2,1,2,2,1,1,2,2,3,1,3,2,3,2,1,2,2,1,2,3,3,3,2,3,2,2,2,1,1,2,1,1,2,3,2,2,2,1,2,2,1,2,2,1,1,2,2,2,1,3,1,3,2,1,1,2,1,1,2,2,1,1,4,3,3,1,,3,3,1,1,,,2,,3,,2,,2,,2,2,,3,,,2,2,3,3,4,3,3,2,5,2,2,1,4,2,1,4,1,4,1,1,4,4,1,5,2,1,4,4,2,4,2,2,2,6
11/14/18 12:19,11/14/18 13:08,0,128.111.149.102,100,2958,1,11/14/18 13:08,R_3GCaRn9XVqfjb0P,,,,,34.4329071,-119.8370972,anonymous,EN,1014,0.752,55.389,2121.441,3,20,2,,4,,1,3,3,3,3,2,3,7,15,3,15,0,0,3,1,4,2,2,7,5,2,2,4,1,1,2,2,2,2,2,2,2,2,2,1,1,1,2,2,2,3,3,3,2,3,3,2,1,2,1,1,1,2,2,2,2,2,2,2,3,2,2,1,1,2,3,2,2,2,4,2,2,1,1,1,1,1,1,1,1,1,1,1,1,1,1,2,1,3,1,1,1,2,2,2,1,2,2,2,2,2,2,1,1,2,2,2,2,2,2,3,2,3,2,2,1,1,2,2,2,2,2,2,2,2,3,3,3,,1,2,2,2,3,2,2,2,2,3,2,2,1,1,2,2,2,2,2,2,2,2,4,2,3,1,1,3,2,2,2,2,2,2,3,2,2,4,1,1,2,2,2,2,2,2,2,2,3,3,3,1,1,2,2,2,2,2,2,2,2,,1,1,1,1,,,2,,1,,3,,1,,2,2,,1,2,,1,4,2,1,4,2,2,2,5,3,2,1,1,2,1,2,2,4,3,2,2,5,4,3,3,3,2,5,4,3,3,2,2,6
11/14/18 12:17,11/14/18 13:10,0,128.111.149.100,100,3207,1,11/14/18 13:10,R_3FOql38zm35SZwW,,,,,34.4329071,-119.8370972,anonymous,EN,1012,2.517,2.517,2265.775,1,19,2,,2,,1,2,2,2,3,3,3,2,0,60,90,0,1,5,30,1,2,8,20,8,1,3,4,2,2,3,4,2,3,1,1,3,3,2,3,3,1,1,1,2,2,3,3,3,3,2,2,1,4,1,2,2,4,4,3,2,1,1,2,4,2,2,1,3,2,3,3,3,4,4,3,4,1,1,1,1,1,1,1,1,1,1,1,1,1,2,2,3,2,1,3,3,3,3,3,3,3,2,2,2,3,1,2,3,3,3,3,3,3,3,2,2,3,3,3,1,3,3,3,3,3,3,3,3,3,3,3,3,1,2,3,4,3,3,3,3,3,2,1,1,4,1,2,2,3,3,3,3,3,3,1,1,1,4,1,1,2,3,1,3,1,1,3,3,1,2,4,1,2,2,3,2,3,4,3,3,1,1,2,4,1,2,2,3,3,3,3,3,4,1,,1,3,1,1,,,2,,2,,2,,2,,2,2,,3,,,1,3,4,2,1,2,3,1,5,3,3,2,3,1,2,3,3,4,4,2,2,4,3,4,3,2,2,4,3,4,4,2,2,6
11/14/18 12:19,11/14/18 13:11,0,128.111.149.103,100,3067,1,11/14/18 13:11,R_1go1KK5qCmYJdoH,,,,,34.4329071,-119.8370972,anonymous,EN,1015,0.717,84.484,2112.623,3,18,1,,4,,1,1,2,3,3,2,2,2,6,6,9,0,0,20,5,40,5,5,5,25,3,3,4,1,1,4,3,4,3,3,3,4,3,1,2,4,1,1,4,3,4,3,3,3,4,4,1,2,4,1,1,4,2,4,2,2,2,4,4,1,1,1,1,1,3,2,3,2,2,2,3,3,1,2,1,4,1,1,3,4,3,3,3,4,1,1,1,1,1,1,1,1,1,1,1,1,1,1,1,1,3,4,1,1,2,4,3,3,2,4,3,1,2,2,3,1,1,3,4,3,3,2,4,2,1,1,1,3,1,1,3,2,3,3,2,4,3,1,2,1,3,1,1,3,2,3,1,2,3,2,1,2,1,3,1,1,3,2,4,3,3,4,2,1,2,1,3,1,1,3,2,4,3,2,4,3,1,2,1,3,1,1,3,2,4,2,2,4,2,2,,1,1,1,1,,,3,,1,,3,,1,,2,1,,1,2,,1,3,4,1,1,1,3,2,1,5,4,2,1,3,1,3,3,3,1,2,2,4,4,3,4,4,2,5,4,4,2,2,2,6
11/14/18 12:15,11/14/18 13:11,0,128.111.149.101,100,3352,1,11/14/18 13:11,R_2f7OtMmBc5sGCob,,,,,34.4329071,-119.8370972,anonymous,EN,1013,8.961,2335.33,2335.795,2,19,1,,4,,1,2,1,1,2,2,2,3,0,15,13,0,4,1,2,19,4,5,0,10,1,2,3,1,1,2,2,4,1,2,1,3,1,1,2,2,1,1,1,4,1,1,2,1,2,4,2,2,1,1,2,1,2,3,1,2,1,2,1,4,1,1,1,2,2,2,4,2,2,2,2,3,1,1,1,1,1,1,1,4,1,1,1,1,2,1,1,2,2,1,1,2,3,1,1,1,2,2,2,1,1,2,1,1,1,1,1,2,1,1,3,2,2,2,2,1,2,1,4,2,2,1,2,1,4,3,3,3,1,2,1,2,2,2,1,3,2,2,2,2,2,1,1,1,2,4,2,1,2,2,1,1,3,3,1,2,1,2,4,1,1,2,2,2,1,2,3,1,1,1,2,4,2,1,2,1,2,1,2,1,1,2,1,2,4,1,1,1,2,2,,1,1,1,4,,,1,,1,,2,,1,,2,1,,1,2,,1,3,4,3,1,2,3,2,5,3,4,1,1,4,1,4,2,4,2,1,2,4,4,4,2,1,2,4,4,2,2,4,2,6
11/14/18 12:22,11/14/18 13:13,0,128.111.149.105,100,3098,1,11/14/18 13:13,R_sM7qXIZu5lcnZEl,,,,,34.4329071,-119.8370972,anonymous,EN,1017,0.704,0.704,1984.282,1,18,2,,4,,1,1,2,2,2,2,2,6,0,20,10,0,0,6,2,20,10,25,10,30,1,2,3,1,1,1,2,4,2,1,1,3,3,1,1,1,1,1,1,1,4,3,3,1,4,4,2,,1,1,1,1,1,4,2,2,1,4,3,3,1,1,1,1,1,2,2,2,3,3,1,2,1,1,1,1,1,1,,1,1,2,1,1,1,1,1,1,1,1,1,1,2,1,1,1,1,2,1,1,1,1,1,1,1,3,2,3,,2,3,2,2,1,2,1,1,2,2,2,2,1,3,2,4,4,4,4,1,2,4,3,4,4,2,4,2,2,1,2,2,1,1,2,2,2,4,1,2,2,2,3,1,2,1,1,3,2,3,4,3,3,2,2,1,1,4,1,1,1,2,2,2,3,3,2,2,2,2,1,1,2,3,3,4,3,3,2,2,2,,1,3,1,1,,,3,,1,,3,,2,,2,1,,1,2,,1,3,2,2,1,2,1,2,5,2,3,3,2,3,1,1,3,4,4,2,4,4,2,4,2,1,3,4,3,2,4,4,2,6
11/14/18 12:21,11/14/18 13:15,0,128.111.149.104,100,3255,1,11/14/18 13:15,R_31SFgsS0TLG7ao7,,,,,34.4329071,-119.8370972,anonymous,EN,1016,27.649,27.649,2039.107,1,18,2,,2,,1,1,4,2,3,3,4,18,3,3,14,0,14,10,50,1,2,7,7,7,1,1,3,1,1,3,4,1,2,2,3,4,4,1,1,1,1,1,3,4,1,2,3,2,4,3,1,1,1,1,1,2,4,2,2,3,1,4,3,3,1,1,1,1,1,4,2,2,3,3,3,2,,,,,,,,,,,,,,1,1,1,1,1,1,3,3,2,3,1,3,3,3,1,1,1,1,1,4,4,2,4,3,3,3,4,2,1,4,1,1,4,3,2,3,3,3,4,3,1,1,3,1,1,3,4,2,2,3,3,3,2,1,1,2,1,1,1,4,2,2,3,3,3,1,1,1,2,1,1,1,4,2,2,1,3,1,3,1,1,3,1,1,3,4,2,3,1,2,3,2,1,1,2,1,1,2,4,2,1,2,2,3,1,,1,3,1,1,,,2,,2,,1,,1,,2,2,,3,,,1,3,4,3,1,5,3,1,3,2,1,1,2,3,1,4,4,4,1,2,3,4,3,3,4,2,4,4,3,5,3,2,1,6
11/14/18 12:24,11/14/18 13:27,0,128.111.149.107,100,3757,1,11/14/18 13:27,R_8JuJIy7Ts9lJEqJ,,,,,34.4329071,-119.8370972,anonymous,EN,1019,0.609,1.064,2539.907,2,19,2,,2,,1,3,3,3,3,3,3,15,0,10,20,0,0,3,15,5,2,8,20,15,2,2,3,2,1,1,2,2,1,2,2,2,2,2,2,1,1,1,1,3,3,2,3,3,3,3,1,1,1,1,1,1,3,3,2,3,2,3,2,3,2,2,2,2,1,3,3,2,3,2,3,2,2,1,1,1,1,1,2,2,2,2,1,2,2,1,1,1,3,1,1,1,1,1,1,1,1,2,2,3,3,1,2,1,3,3,3,3,3,3,2,1,3,3,3,3,3,3,3,3,3,3,3,2,1,2,2,1,1,2,2,2,2,2,2,2,2,2,2,2,3,2,1,2,2,2,2,2,2,2,2,2,2,3,2,1,2,2,2,2,2,2,2,2,1,1,3,2,1,2,2,2,2,2,2,2,1,2,2,3,2,1,2,2,2,2,2,2,2,1,,1,5,1,1,,,2,,2,,2,,2,,2,2,,1,2,,4,2,3,4,4,5,3,3,5,2,2,3,2,4,4,3,3,4,2,4,3,4,2,5,1,1,2,4,4,3,2,2,2,6
11/14/18 13:00,11/14/18 14:36,0,128.111.149.108,100,5751,1,11/14/18 14:36,R_1JXWDijGF2291u6,,,,,34.4329071,-119.8370972,anonymous,EN,1020,0.918,3873.813,4972.998,2,19,2,,2,,1,1,4,2,3,6,6,25,3,4,21,0,0,2,25,25,4,20,15,20,3,3,3,3,4,3,4,3,4,3,4,,4,4,4,4,,3,4,2,4,2,3,2,3,4,4,3,2,4,4,3,3,2,3,3,4,4,4,4,2,3,3,,3,4,4,3,4,3,4,3,4,3,4,4,4,3,4,3,3,4,4,3,4,4,3,4,4,4,4,3,4,4,4,4,3,4,4,3,3,4,4,4,3,4,,4,4,3,4,4,4,3,4,4,4,4,3,3,3,4,4,4,3,4,4,4,3,4,4,4,3,4,4,3,4,4,4,4,,3,4,4,4,3,4,4,4,4,4,3,3,4,4,4,4,3,4,3,4,4,4,4,3,3,3,4,4,4,3,4,4,4,4,4,4,4,4,4,3,3,4,4,4,3,3,4,4,1,,2,2,1,1,,,2,,2,,2,,2,,2,2,,1,1,,2,3,4,3,1,2,3,1,5,3,2,1,4,1,1,2,1,4,4,2,2,4,1,5,2,1,2,4,1,5,2,1,1,6
11/14/18 12:24,11/14/18 14:41,0,128.111.149.106,100,8266,1,11/14/18 14:41,R_11d2666AFDkV6Je,,,,,34.4329071,-119.8370972,anonymous,EN,1018,0.692,0.692,7042.249,1,19,2,,4,,1,2,2,3,6,4,3,8,0,0,56,0,0,5,25,20,2,50,21,60,1,2,4,1,1,2,2,2,1,4,3,4,4,1,2,2,1,1,2,2,2,1,3,2,4,4,2,1,4,1,1,2,2,2,1,3,2,4,4,2,2,4,1,1,3,4,4,3,4,3,4,3,1,1,1,1,1,1,1,1,1,1,1,1,1,1,1,1,1,1,1,1,1,1,1,1,1,1,2,2,3,4,1,1,4,3,1,4,2,4,4,3,3,4,4,1,1,4,4,3,4,3,4,4,2,3,3,4,1,1,3,3,1,4,3,4,4,2,2,2,4,1,1,2,3,3,4,3,4,2,2,2,3,4,1,1,2,2,2,2,2,4,4,2,2,3,4,1,1,2,3,3,1,4,4,4,1,2,3,4,1,1,2,4,3,2,4,3,4,2,,2,3,1,1,,,2,,2,,1,,2,,2,2,,1,2,,1,1,4,4,1,3,3,1,3,3,1,3,1,2,1,4,2,3,4,4,4,4,2,4,2,1,4,4,2,3,3,3,1,6
11/14/18 13:16,11/14/18 14:42,0,128.111.149.105,100,5169,1,11/14/18 14:42,R_2EyMsfxlvqKVH9Q,,,,,34.4329071,-119.8370972,anonymous,EN,1026,1.867,3084.339,4181.068,3,18,2,,2,,1,1,4,5,6,5,4,28,0,10,10,0,10,1,1,0.5,1,8,20,40,1,3,3,1,1,2,3,1,2,2,3,3,3,1,1,1,1,1,1,1,1,1,1,1,1,1,2,1,1,1,3,1,2,1,2,2,2,2,2,2,1,1,1,3,1,3,2,2,3,2,3,3,1,1,1,1,1,1,1,1,1,1,1,1,1,1,1,3,3,1,2,2,1,1,2,1,2,2,2,1,1,1,1,2,2,2,2,2,1,2,3,3,1,3,2,1,3,2,1,2,2,2,2,3,1,1,2,2,1,2,2,2,1,2,1,2,2,1,1,2,2,1,2,2,2,1,2,2,2,3,2,1,2,3,1,2,2,3,1,2,2,3,3,3,1,2,2,1,1,2,2,1,1,2,2,3,3,1,2,2,1,2,2,2,2,2,2,2,2,1,,2,4,1,1,,,2,,2,,2,,2,,2,2,,3,,,1,3,4,3,1,5,3,5,5,2,4,3,3,3,1,3,1,4,2,1,3,4,2,4,4,2,3,4,2,2,4,2,2,6
11/14/18 13:16,11/14/18 14:43,0,128.111.149.104,100,5221,1,11/14/18 14:43,R_125tjiKdmA3l9E0,,,,,34.4329071,-119.8370972,anonymous,EN,1025,2.652,2.652,3902.516,1,19,1,,6,,1,2,3,5,3,2,3,5,10,5,15,0,5,1,1,3,3,5,2,5,1,1,3,1,1,2,2,2,2,2,3,3,2,2,3,4,1,3,2,2,2,2,2,1,4,2,2,3,4,1,3,2,2,2,3,3,2,4,3,2,4,4,1,4,2,3,3,3,2,2,4,3,1,1,1,1,1,1,1,2,2,1,1,1,1,1,3,4,4,1,2,3,3,2,2,2,4,3,2,3,2,2,1,3,2,2,2,2,1,2,2,3,3,3,4,1,3,2,3,2,3,2,4,2,2,3,2,3,1,3,2,3,2,2,2,3,3,3,2,3,4,2,3,2,2,3,3,2,4,1,3,3,4,4,2,3,2,2,3,3,3,3,2,4,2,3,4,3,2,2,2,3,3,3,3,2,2,3,3,4,2,3,2,2,3,3,2,2,3,2,,1,1,3,5,,,1,,1,,1,,1,,2,1,,1,2,,1,1,1,4,1,2,5,2,5,2,1,4,2,2,1,4,3,2,2,2,1,4,4,3,2,2,1,5,4,4,1,3,1,6
11/14/18 13:13,11/14/18 14:43,0,128.111.149.102,100,5437,1,11/14/18 14:44,R_1FFnTPNLwcCQNJv,,,,,34.4329071,-119.8370972,anonymous,EN,1023,1.864,1.864,4063.187,1,19,2,,4,,1,3,3,6,6,5,7,1,29,14,21,0,0,1,0,1,1,7,15,21,1,1,4,1,1,1,2,3,1,1,1,3,2,1,3,2,1,1,2,2,3,2,2,3,4,2,1,2,1,1,1,2,2,3,1,2,3,4,2,4,1,1,1,1,1,2,4,2,3,4,3,2,1,1,1,1,1,1,1,1,1,1,1,1,1,1,1,1,1,1,1,1,1,1,1,1,1,1,1,3,2,1,1,1,2,2,1,2,2,2,2,1,2,2,2,1,1,2,2,1,1,2,2,1,1,3,3,3,1,1,1,2,1,1,2,2,2,1,3,3,3,1,1,1,1,2,1,1,1,1,1,3,4,4,1,1,2,2,2,1,2,3,1,1,1,1,4,1,1,1,1,2,1,2,3,2,1,3,4,3,1,1,1,1,3,1,2,1,1,2,,1,1,1,1,,,2,,1,,2,,1,,2,1,,1,2,,4,3,1,2,1,5,1,5,3,2,4,3,1,3,1,4,2,3,4,1,4,4,3,2,3,3,4,4,3,3,2,3,2,6
11/14/18 13:12,11/14/18 14:44,0,128.111.149.101,100,5521,1,11/14/18 14:44,R_21GP3ge6sgNPhYZ,,,,,34.4329071,-119.8370972,anonymous,EN,1022,0.868,0.868,4097.098,1,19,1,,2,,1,1,2,2,4,2,3,21,0,42,27,0,14,27,35,0,3.5,14,14,27,1,1,1,1,1,1,1,1,1,1,1,1,1,1,1,1,1,1,3,3,1,2,2,1,1,2,1,1,1,1,2,2,3,2,1,2,1,2,2,4,1,1,1,2,1,4,1,2,2,4,4,4,1,1,1,1,1,1,1,1,1,1,1,1,1,1,1,1,2,1,3,2,1,1,1,1,2,2,3,1,1,1,1,3,3,3,2,2,2,2,2,3,1,3,4,1,3,4,1,1,4,3,4,3,1,1,1,1,1,1,1,1,1,1,1,1,1,1,1,1,4,1,1,1,3,1,1,1,2,3,1,1,1,3,1,1,2,3,1,1,2,3,3,1,1,1,3,1,1,2,3,1,1,1,1,2,2,1,3,4,1,3,2,4,1,1,1,1,3,1,,3,3,1,1,,,2,,2,,1,,2,,2,2,,3,,,1,3,4,3,1,2,3,1,5,2,2,3,1,2,1,1,3,3,2,1,2,5,3,4,2,2,2,5,4,2,2,4,2,6
11/14/18 13:11,11/14/18 14:45,0,128.111.149.100,100,5655,1,11/14/18 14:45,R_1HbPbnsQWKZdu76,,,,,34.4329071,-119.8370972,anonymous,EN,1021,0.6,0.6,4178.207,1,19,1,,2,,1,1,1,1,1,1,1,1,4,10,40,0,0,0.5,0,0.5,3,4,8,21,1,1,4,1,1,1,1,2,2,3,2,4,2,1,2,2,3,1,2,1,2,3,2,2,4,2,1,2,1,1,1,1,1,2,2,3,1,4,2,1,2,2,1,1,2,1,2,2,3,1,4,2,1,1,1,1,1,1,1,2,1,2,1,4,1,1,1,2,2,1,1,1,2,2,2,1,3,2,1,2,2,4,1,1,1,1,1,2,1,3,2,1,2,2,3,1,1,1,1,2,2,2,3,2,1,2,2,2,1,1,1,1,2,3,2,3,2,1,2,2,3,1,1,1,1,1,3,2,3,2,1,2,2,4,1,1,1,1,2,2,2,3,2,1,2,2,4,1,1,1,1,1,2,4,3,2,1,2,2,4,1,1,1,1,2,2,2,2,1,1,,1,1,1,1,,,1,,,,2,,1,,2,2,,1,2,,3,3,1,2,4,3,1,5,1,2,4,4,2,4,1,4,1,3,2,3,2,1,3,3,5,4,2,1,3,5,4,2,2,6
11/14/18 13:14,11/14/18 14:57,0,128.111.149.103,100,6151,1,11/14/18 14:57,R_XwjwqDTqEHt9Hzj,,,,,34.4329071,-119.8370972,anonymous,EN,1024,0.648,0.648,3996.692,1,19,2,,4,,1,1,5,5,6,5,6,1,0,3,10,0,0,1,2,12,1,3,3,5,1,1,3,2,,3,3,3,3,3,3,3,2,2,2,3,2,1,2,3,3,3,3,,3,2,2,2,3,2,2,2,2,2,2,2,2,2,1,3,1,3,3,1,1,3,3,3,3,3,3,3,1,1,1,1,1,1,1,1,1,1,1,1,2,1,1,1,1,1,1,1,3,2,3,2,2,,1,1,1,2,1,1,1,1,1,1,1,,2,1,1,1,2,1,1,1,3,2,2,2,2,,1,1,1,2,1,1,1,2,2,2,2,2,3,1,1,1,3,1,1,2,2,2,2,2,2,3,1,1,1,3,1,1,1,2,2,2,2,3,2,2,1,1,3,1,1,2,2,2,2,2,2,1,2,1,3,3,1,1,2,2,3,2,3,2,2,2,,1,2,1,1,,,2,,1,,1,,1,,2,1,,1,2,,2,3,4,2,1,1,2,2,3,3,2,1,3,4,1,1,2,4,2,1,2,5,3,5,2,3,2,4,4,4,3,3,2,5
11/14/18 14:55,11/14/18 16:02,0,128.111.149.102,100,4028,1,11/14/18 16:02,R_pMcqFDuU2aXleN3,,,,,34.4329071,-119.8370972,anonymous,EN,1029,0.665,56.801,3457.884,4,19,2,,2,,1,2,7,7,7,7,7,4,0,0,0,0,0,0.5,0,3,0.5,0,0,0,1,2,1,1,1,1,2,4,3,1,1,1,4,1,1,1,1,1,1,1,1,1,1,1,1,2,3,1,1,1,1,2,1,1,1,1,1,1,,2,1,1,1,1,1,1,1,1,1,1,1,2,2,1,1,1,1,1,1,1,1,1,1,1,1,1,1,1,1,1,1,1,1,1,1,1,1,3,2,1,1,1,1,1,1,3,1,1,1,1,3,1,1,1,1,1,1,1,1,1,1,1,1,3,2,1,1,1,1,3,1,1,1,2,1,1,2,3,2,1,2,1,1,1,1,2,2,1,1,2,2,1,1,1,2,2,1,1,1,1,1,1,3,1,1,1,1,1,3,3,1,1,1,1,1,4,4,1,1,1,1,1,4,4,4,4,4,4,4,1,,1,4,1,3,,,2,,2,,2,,1,,2,2,,1,2,,4,4,1,4,1,5,1,5,5,3,1,1,2,2,1,4,3,3,2,3,3,4,1,2,3,5,3,4,1,4,4,1,1,6
11/14/18 14:57,11/14/18 16:08,0,128.111.149.104,100,4227,1,11/14/18 16:08,R_2vf9LiDZrD4Xn0Q,,,,,34.4329071,-119.8370972,anonymous,EN,1031,1.087,58.076,3340.509,2,19,2,,4,,1,2,3,2,3,2,3,10,0,50,120,0,0,0,80,100,40,80,100,70,1,1,4,1,1,1,3,3,1,1,2,3,3,1,1,3,1,1,3,3,3,1,1,1,3,4,1,1,2,1,1,1,4,4,2,1,1,4,4,1,1,2,1,1,2,4,4,4,4,4,4,4,1,1,1,3,1,1,3,3,3,1,1,1,4,1,1,1,3,1,1,1,1,1,1,1,1,1,1,1,1,2,1,1,3,3,1,,1,2,4,1,1,3,3,1,1,3,4,2,3,2,3,4,1,1,4,4,1,1,2,4,3,4,2,3,4,1,1,3,4,,1,1,3,3,1,1,1,4,1,1,2,4,,1,3,4,4,1,3,3,4,1,1,2,3,1,1,1,4,4,3,3,3,4,1,1,3,4,1,3,3,3,4,2,2,2,4,2,,1,1,1,3,,,2,,1,,2,,1,,2,1,,3,,,4,3,4,3,1,1,2,5,1,2,3,1,1,1,2,4,3,2,2,3,1,5,5,3,2,2,1,5,5,4,4,1,1,6
11/14/18 14:57,11/14/18 16:08,0,128.111.149.103,100,4282,1,11/14/18 16:08,R_2PsX4nD8MsVoXGW,,,,,34.4329071,-119.8370972,anonymous,EN,1030,1.099,14.027,3380.001,2,19,2,,4,,1,2,2,1,1,1,1,2,12,2,50,0,0,3,3,100,3,40,7,50,3,3,4,1,1,2,3,4,3,4,3,3,2,3,3,2,1,1,3,3,4,3,3,3,4,2,3,3,3,1,1,3,3,4,3,4,3,4,2,3,3,3,1,1,3,3,4,3,3,3,4,2,1,1,1,1,1,1,1,1,1,1,1,1,2,1,1,1,4,1,1,1,4,1,1,1,4,2,3,3,3,3,3,3,3,3,3,3,3,3,2,3,3,3,3,3,3,3,4,3,3,3,3,2,3,4,4,4,4,4,4,4,4,4,4,4,3,3,3,3,4,3,1,3,3,4,3,3,4,2,4,3,3,4,3,1,3,3,4,3,3,4,3,4,3,3,4,1,1,3,3,4,3,4,4,2,4,4,4,4,3,3,3,3,4,3,3,3,2,2,,1,1,1,1,,,2,,1,,3,,1,,2,1,,1,2,,1,3,4,3,1,5,3,1,5,5,3,4,2,2,2,1,2,4,1,3,1,4,3,1,4,3,1,4,3,2,4,3,2,6
11/14/18 14:58,11/14/18 16:09,0,128.111.149.105,100,4261,1,11/14/18 16:09,R_1i8p01k8qcBuXyX,,,,,34.4329071,-119.8370972,anonymous,EN,1032,0.788,84.947,3339.373,2,20,2,,2,,1,3,4,5,3,5,3,5,0,10,12,0,4,0,4,1,1,0,4,8,1,2,3,1,1,1,3,1,1,1,1,2,3,1,2,1,1,2,1,3,1,1,1,1,1,2,1,1,1,1,2,2,3,2,1,1,1,2,2,3,1,2,1,3,2,3,2,2,2,2,2,4,1,1,1,1,1,1,1,2,1,1,1,1,1,1,2,2,3,1,2,2,1,1,2,1,1,2,2,2,3,2,1,2,3,2,1,1,1,1,2,3,3,3,3,1,3,3,3,2,3,2,3,3,3,2,2,3,1,2,2,3,2,2,1,2,2,1,1,2,3,1,2,1,1,2,2,1,2,2,2,3,3,3,1,2,3,3,2,2,1,2,3,2,2,2,3,1,1,2,3,2,1,1,2,2,2,2,3,3,1,2,2,3,2,2,2,2,3,1,,2,4,1,1,,,2,,2,,2,,2,,2,2,,1,2,,1,2,1,3,2,3,2,2,1,2,3,1,2,3,1,4,1,3,1,2,5,4,2,5,4,2,4,4,3,4,4,4,2,6
11/14/18 15:00,11/14/18 16:11,0,128.111.149.108,100,4277,1,11/14/18 16:11,R_2xRXamOWcmj168W,,,,,34.4329071,-119.8370972,anonymous,EN,1034,0.83,30.676,3220.272,2,17,2,,2,,1,1,7,5,7,5,6,25,0,2,35,0,1,5,50,0,2,15,6,6,1,1,3,1,1,3,2,1,1,1,1,1,3,1,1,1,1,4,4,4,1,1,4,1,4,4,1,1,1,1,3,3,3,1,1,1,1,1,3,2,1,1,1,2,2,4,1,2,4,1,2,4,1,1,1,1,4,4,4,1,1,2,1,1,4,1,1,1,2,1,4,2,1,1,1,1,1,1,2,1,2,2,1,3,4,1,2,3,1,2,4,1,1,1,3,1,2,3,1,1,1,1,1,4,1,1,1,2,1,1,2,1,1,1,1,1,2,3,1,1,3,1,1,3,3,1,1,1,1,4,1,1,1,4,1,1,4,1,1,1,1,1,3,4,1,1,3,1,1,2,2,1,3,1,1,3,1,1,1,4,1,1,4,4,1,1,3,1,4,1,,1,3,1,1,,,2,,2,,1,,2,,2,2,,3,,,1,3,4,3,1,5,2,1,2,3,4,4,3,2,3,2,4,2,3,2,5,5,4,5,1,1,4,4,4,3,4,4,1,6
11/14/18 14:51,11/14/18 16:15,0,128.111.149.101,100,5066,1,11/14/18 16:15,R_1q8qiHhXyAGsOJU,,,,,34.4329071,-119.8370972,anonymous,EN,1028,1.07,1.07,3709.779,1,,2,,3,,1,2,4,5,6,4,5,0,8,5,5,0,0,4,3,6,4,6,4,8,1,1,2,1,1,1,1,2,2,2,3,2,2,1,4,3,1,1,3,3,4,3,4,1,4,3,1,4,1,1,1,1,2,3,3,3,2,3,3,2,1,1,1,1,1,3,3,3,3,3,3,4,1,1,1,1,1,1,1,2,2,2,1,3,3,1,1,1,1,1,1,1,1,1,1,1,1,1,1,3,2,1,1,1,3,4,3,4,1,4,4,1,3,3,3,1,1,3,3,3,4,2,4,3,2,4,4,4,2,1,3,3,3,4,2,4,3,1,3,2,3,1,1,2,2,4,4,3,3,1,1,4,4,4,1,1,4,3,4,3,4,4,3,2,2,3,3,1,1,1,2,4,3,4,3,1,1,4,4,4,1,1,4,3,4,3,4,3,1,2,,1,2,1,1,,,2,,1,,3,,2,,2,1,,1,2,,4,3,1,2,1,2,3,3,1,5,1,2,3,2,3,1,4,4,1,3,2,4,3,4,2,1,2,4,3,4,1,2,1,6
11/14/18 14:59,11/14/18 16:16,0,128.111.149.106,100,4626,1,11/14/18 16:16,R_bxqLAdH8kWQILkJ,,,,,34.4329071,-119.8370972,anonymous,EN,1033,1.198,1.198,3270.726,1,20,2,,2,,1,2,6,6,5,5,5,5,0,28,5,0,0,2,14,0,2,5,7,6,1,4,3,1,1,2,4,1,3,3,3,3,4,1,3,1,1,2,2,4,1,3,3,1,3,3,1,1,1,1,1,1,3,1,1,3,1,2,4,3,1,1,1,3,3,4,4,4,4,4,4,4,1,1,1,1,1,1,1,1,1,1,1,1,1,1,2,1,2,1,1,1,1,1,1,1,1,3,1,2,1,1,1,1,4,1,1,1,1,1,3,4,4,4,4,4,4,4,4,4,4,4,4,4,1,2,2,1,1,1,1,2,1,2,2,2,3,1,1,3,1,1,1,1,3,1,1,1,3,,1,1,3,1,1,1,1,3,1,1,1,3,3,1,1,1,3,1,1,1,3,1,1,1,1,2,2,2,2,2,2,2,2,2,2,2,2,2,2,1,,2,3,1,1,,,2,,2,,1,,2,,2,2,,3,,,4,3,1,1,1,2,3,1,3,2,2,1,2,3,2,1,4,4,4,1,5,4,1,5,4,1,2,4,3,2,5,5,2,6
11/14/18 14:52,11/14/18 16:22,0,128.111.149.100,100,5417,1,11/14/18 16:22,R_3oLe57ZBkbCWzZR,,,,,34.4329071,-119.8370972,anonymous,EN,1027,0.601,48.131,3660.374,2,23,1,,4,,1,3,6,7,7,6,4,4,1,3,1,0,16,5,1,8,4,4,0,10,1,1,1,1,1,1,1,3,1,1,1,3,2,1,3,1,1,1,1,2,2,1,1,,2,1,1,1,1,1,1,1,1,3,1,1,1,3,1,1,1,1,1,1,1,1,4,3,3,1,3,1,1,1,1,1,1,1,1,1,1,3,1,3,1,1,1,1,1,1,1,1,2,1,1,1,1,1,1,1,1,1,1,1,1,1,1,1,1,1,1,1,1,1,3,1,1,1,3,1,3,1,3,1,1,1,1,1,1,3,1,1,1,1,1,2,1,1,1,1,3,1,1,1,1,2,1,1,3,1,1,2,3,3,1,1,1,1,3,3,1,3,1,1,1,2,1,1,1,1,1,3,3,2,3,1,1,3,3,2,1,3,1,1,3,2,2,2,1,2,,1,1,1,1,,,3,,1,,3,,1,,2,1,,1,2,,4,3,4,3,1,3,3,1,1,2,2,1,2,2,1,4,1,3,4,2,2,4,4,3,3,2,1,5,4,2,4,4,2,6
11/15/18 15:52,11/15/18 16:02,0,128.111.149.101,100,570,1,11/15/18 16:02,R_2dEAiaz3OwL4uQt,,,,,34.4329071,-119.8370972,anonymous,EN,1036,1.414,1.414,7.855,1,19,2,,2,,1,2,2,2,4,3,3,3,2,10,15,0,5,2,15,2,4,8,3,5,2,3,3,2,2,2,2,2,2,3,2,3,2,2,2,2,2,2,2,2,2,2,2,3,2,2,2,2,3,2,2,2,2,2,2,3,2,2,2,2,2,2,3,2,2,2,2,2,2,2,2,2,2,3,2,2,3,2,3,2,2,3,2,2,2,2,2,2,2,2,2,3,2,2,2,3,2,2,2,3,2,3,2,2,3,3,2,2,2,2,2,2,3,3,2,2,2,2,3,2,3,2,2,2,2,2,3,3,2,2,2,2,2,2,2,2,2,1,2,2,2,2,2,2,2,2,2,2,2,2,2,2,2,3,,2,2,3,3,3,3,3,3,2,2,2,3,,2,2,2,2,2,3,2,2,2,2,2,3,2,3,2,3,3,3,3,3,3,1,,1,3,1,1,,,2,,2,,2,,2,,2,2,,1,1,,1,3,4,3,1,5,1,2,1,2,3,1,3,3,1,1,3,3,1,2,4,2,2,4,2,1,2,3,4,2,4,4,1,6
11/15/18 15:51,11/15/18 16:08,0,128.111.149.100,100,1042,1,11/15/18 16:08,R_2ZNxLXhbLmYd2Nm,,,,,34.4329071,-119.8370972,anonymous,EN,1035,1.251,1.251,15.562,1,20,2,,4,,1,3,2,3,6,2,3,3,8,0,100,1,0,3,0,15,1,4,1,0,2,1,4,1,1,1,1,2,1,1,1,1,2,3,1,1,1,1,2,1,4,1,2,1,1,3,1,1,1,1,1,1,1,1,1,1,1,1,1,4,1,1,1,1,3,2,4,2,2,2,1,2,1,1,1,1,1,1,1,1,1,1,1,1,1,1,1,1,1,1,1,1,1,1,1,1,1,1,1,4,1,4,1,1,2,4,2,2,2,1,3,1,2,1,4,1,1,2,3,2,2,2,1,2,3,4,1,4,1,1,3,2,2,2,2,1,2,1,3,1,4,1,1,2,2,2,2,2,1,2,1,3,1,4,1,1,3,2,3,2,2,1,2,2,3,1,4,1,1,2,2,2,2,2,1,2,1,1,1,1,1,1,1,1,1,1,1,1,1,2,,1,1,1,1,,,3,,1,,3,,1,,2,1,,1,2,,4,1,4,2,1,2,1,3,5,1,2,2,2,2,1,2,3,2,4,1,4,2,2,4,4,1,2,4,4,2,4,4,2,6
11/15/18 15:53,11/15/18 16:09,0,128.111.149.102,100,961,1,11/15/18 16:09,R_sjomNw62rVyi7FD,,,,,34.4329071,-119.8370972,anonymous,EN,1037,0.795,0.795,3.723,1,19,2,,2,,1,2,6,6,6,6,6,10,12,20,20,2,5,10,30,5,5,20,10,20,3,2,3,2,3,3,4,2,2,3,3,3,3,3,3,3,2,2,4,3,2,2,3,3,3,3,3,3,1,1,1,3,3,3,3,3,3,3,3,3,3,3,1,1,3,3,3,3,3,3,3,3,4,3,3,3,1,1,3,3,3,3,3,3,2,2,2,2,2,2,2,2,2,2,2,2,2,2,1,2,2,2,2,1,1,1,1,1,1,1,3,3,3,3,1,1,3,3,3,3,3,3,3,3,3,3,3,3,3,1,3,3,3,3,3,3,3,3,3,3,3,1,1,3,3,3,3,3,3,3,3,2,2,3,3,3,3,2,3,3,3,3,3,3,3,3,3,3,3,3,3,3,3,3,3,2,2,2,2,3,3,2,2,2,2,2,2,2,2,1,,1,3,1,1,,,2,,2,,1,,2,,1,2,,3,,,2,3,1,3,1,2,2,2,5,2,1,1,2,3,1,3,3,4,2,2,2,5,3,4,2,3,2,4,3,4,2,3,1,6
11/15/18 15:56,11/15/18 16:09,0,128.111.149.107,100,805,1,11/15/18 16:09,R_2UbgPtApYDLgWMH,,,,,34.4329071,-119.8370972,anonymous,EN,1039,0.918,0.918,14.269,1,18,2,,2,,1,1,6,6,7,5,5,0,0,9,5,2,0,2,21,2,3,1,5,21,1,1,2,1,1,1,2,1,3,1,1,3,1,1,3,1,1,1,2,3,3,3,1,1,3,1,1,1,2,1,1,2,4,3,1,1,1,4,2,1,1,1,1,1,1,2,2,2,1,1,2,2,1,1,1,1,1,1,2,2,2,1,1,2,1,1,1,1,1,1,1,2,2,1,1,1,2,1,1,1,1,1,1,1,3,3,1,1,1,3,2,1,1,1,3,,1,1,2,1,2,1,3,2,1,,1,2,1,1,1,3,1,3,1,3,2,1,1,1,1,1,1,1,1,1,,2,1,1,1,1,3,3,1,1,2,3,3,3,1,3,2,1,1,1,1,1,1,1,1,1,1,1,1,1,1,1,3,3,1,1,3,3,3,1,1,1,2,1,,1,1,1,1,,,2,,1,,2,,1,,2,1,,3,,,1,3,4,3,1,2,5,3,1,5,4,4,3,2,2,1,3,2,1,2,2,5,5,3,4,4,3,4,5,4,3,3,2,6
11/15/18 15:57,11/15/18 16:16,0,128.111.149.108,100,1099,1,11/15/18 16:16,R_3NDP5Mjcvi5gw6s,,,,,34.4329071,-119.8370972,anonymous,EN,1040,1.221,1.221,5.532,1,19,2,,4,,1,2,5,3,5,4,3,5,0,15,80,0,0,5,2,40,10,25,20,50,1,1,3,1,1,3,2,2,1,1,1,1,2,1,1,2,1,1,2,1,3,1,1,1,3,2,1,2,1,1,1,1,1,2,1,1,1,2,1,2,2,1,1,1,1,2,4,3,4,4,4,3,1,1,1,1,1,1,1,2,1,1,1,2,1,1,1,1,1,1,1,1,1,1,1,1,1,1,2,2,1,1,1,1,1,2,1,2,1,2,2,2,1,1,2,1,1,1,2,1,1,1,2,1,2,2,1,4,1,1,3,1,2,4,4,4,2,2,2,2,4,1,1,2,1,3,3,3,3,2,2,1,2,4,1,1,2,1,4,3,4,4,3,1,1,1,4,1,1,2,1,4,3,3,3,2,2,3,3,4,1,1,2,4,3,3,3,3,2,2,,1,1,2,3,,,3,,1,,1,,1,,2,1,,3,,,1,3,4,3,1,2,1,3,3,3,1,4,2,3,1,4,3,3,3,2,3,5,2,3,3,4,4,5,3,4,5,3,2,6
11/15/18 15:59,11/15/18 16:21,0,128.111.149.105,100,1312,1,11/15/18 16:21,R_3hmaGdB91wjUNSe,,,,,34.4329071,-119.8370972,anonymous,EN,1041,1.047,1.047,3.607,1,22,2,,2,,1,3,7,2,5,6,6,12,10,3,14,0,0,26,38,1,16,10,8,30,1,1,2,1,1,3,1,1,1,1,1,1,2,1,1,1,1,1,4,2,1,2,2,2,2,3,1,2,1,1,1,4,2,1,2,2,2,2,3,2,1,1,1,1,2,2,1,2,2,2,2,3,1,1,1,1,1,1,1,2,1,1,1,,2,1,1,1,2,1,2,1,1,1,1,1,1,2,1,1,1,1,1,1,2,1,2,2,2,2,3,1,2,2,2,2,1,2,2,2,2,2,2,4,1,1,1,2,1,1,2,2,1,1,1,2,3,1,1,1,1,1,1,4,2,2,2,2,2,3,1,1,1,1,1,1,4,2,2,2,2,2,3,1,1,1,1,1,1,4,2,1,2,2,2,3,2,3,2,3,2,1,4,4,2,3,3,4,4,1,,3,4,4,4,,,2,,3,,2,,2,,1,1,,1,1,,4,1,4,1,3,3,3,3,5,5,2,1,1,3,1,1,3,4,4,2,4,4,4,4,4,3,4,4,1,3,3,2,1,5
11/15/18 15:55,11/19/18 10:52,0,128.111.149.103,100,327425,1,11/19/18 10:52,R_2R31idEhGTlCuk2,,,,,34.4329071,-119.8370972,anonymous,EN,1038,1.345,1.345,4.257,1,19,1,,2,,1,2,5,4,6,3,4,0,2,10,12,7,10,2,0,6,1,12,3,8,1,1,1,1,1,1,1,1,1,1,1,1,1,1,1,1,1,1,2,1,3,1,2,1,3,1,1,1,1,1,1,2,1,3,2,2,1,3,1,1,1,1,1,,1,1,3,2,2,2,3,1,,1,1,1,1,1,1,3,2,2,1,4,1,1,1,3,3,2,3,1,3,1,2,1,3,1,1,3,3,1,1,3,1,3,1,3,1,3,3,1,1,1,1,1,1,1,1,1,1,1,1,1,1,3,3,3,2,3,3,1,2,3,3,4,1,1,1,1,3,1,1,1,1,2,2,1,2,1,1,3,1,3,2,3,3,1,3,2,1,3,1,1,1,2,3,1,1,2,1,2,2,2,2,1,1,2,3,3,3,3,2,1,3,1,3,1,1,1,,1,2,1,2,,,3,,1,,1,,1,,2,1,,1,2,,1,3,4,3,1,2,3,3,1,2,4,3,1,4,2,4,2,4,2,4,2,4,2,3,2,2,3,4,3,4,4,3,2,6
11/26/18 10:47,11/26/18 11:34,0,128.111.149.101,100,2857,1,11/26/18 11:34,R_2dRP4wXi0kipEx3,,,,,34.4329071,-119.8370972,anonymous,EN,1043,0.771,2317.211,2318.684,2,19,2,,2,,1,2,3,3,4,3,4,4,0,20,10,0,0,1,40,0.5,0.5,20,2,40,1,1,2,1,1,1,1,1,1,1,1,2,2,1,1,1,1,1,1,1,1,1,1,1,1,1,2,1,1,1,1,1,4,2,2,4,2,4,4,2,1,1,1,1,1,3,1,1,4,1,4,4,1,1,1,1,1,1,1,1,1,1,1,1,1,1,1,1,1,1,1,1,1,1,1,1,1,1,1,1,2,1,1,1,1,1,1,2,1,1,2,1,1,4,4,1,1,1,1,1,3,1,2,3,1,1,2,3,1,1,1,2,1,2,1,2,3,1,1,1,3,1,1,1,1,1,1,1,2,3,1,1,4,4,1,1,1,4,1,1,2,4,4,1,1,1,3,1,1,1,1,1,1,1,3,3,1,1,4,4,1,1,1,3,1,1,1,2,3,1,,1,2,1,4,,,3,,2,,1,,1,,2,1,,1,2,,4,3,4,1,1,5,1,5,3,2,2,1,1,4,1,4,2,4,3,2,3,5,3,2,3,2,2,5,4,4,5,4,2,6
11/26/18 10:46,11/26/18 11:44,0,128.111.149.100,100,3478,1,11/26/18 11:44,R_2OYXN9JotCYIhVQ,,,,,34.4329071,-119.8370972,anonymous,EN,1042,2.671,2.671,2345.108,1,18,2,,2,,1,1,3,2,3,4,3,5,0,20,25,0,0,2,15,5,5,20,5,25,1,2,3,1,1,1,3,2,1,2,2,2,2,1,2,2,1,1,2,3,3,1,1,1,3,2,1,1,4,1,1,3,3,3,1,3,,4,2,1,1,3,1,1,2,4,3,2,4,3,3,3,1,1,2,2,1,3,3,3,1,3,1,3,2,1,1,1,3,1,3,3,2,1,1,1,3,2,1,3,3,2,,2,2,2,1,3,1,3,2,1,1,1,3,1,1,3,2,1,4,3,3,3,1,1,3,3,1,1,2,2,1,3,1,2,2,1,1,3,3,1,1,1,2,,2,1,2,2,1,1,3,4,1,1,2,2,2,1,1,3,2,1,1,1,4,1,1,2,2,2,1,2,2,2,1,1,3,3,1,1,2,2,2,1,2,1,2,1,,1,3,2,3,,,2,,1,,2,,1,,2,1,,1,2,,3,3,1,3,1,5,3,1,5,1,2,4,4,2,3,4,3,2,1,2,2,4,4,5,2,2,2,4,4,5,1,1,2,6
11/26/18 11:25,11/26/18 11:46,0,128.111.149.102,100,1254,1,11/26/18 11:46,R_3njgWftbks6xfy4,,,,,34.4329071,-119.8370972,anonymous,EN,1044,0.768,1.84,11.36,2,21,2,,4,,1,3,2,2,2,2,3,4,1,1,15,0,0,1,0,15,2,7,15,20,3,1,1,1,1,1,1,1,1,3,3,3,2,2,2,1,1,1,2,2,3,2,3,1,4,1,1,2,1,1,1,1,2,3,2,1,1,4,1,2,1,1,1,1,1,2,4,2,3,2,3,1,1,1,1,1,1,1,1,1,1,1,1,1,1,1,1,1,1,1,1,1,1,1,1,1,1,1,1,2,2,1,1,1,1,2,1,2,1,1,1,1,2,2,2,1,1,1,1,1,2,1,1,2,1,3,3,3,1,1,3,1,1,2,2,1,2,1,2,2,3,1,1,2,1,1,2,2,3,2,1,4,3,3,1,1,3,2,3,3,2,4,1,1,2,1,2,1,1,2,2,2,2,2,3,1,1,3,3,3,1,1,2,1,2,2,4,2,1,2,,1,1,1,1,,,3,,1,,1,,1,,2,1,,1,2,,4,3,1,4,1,5,3,3,2,1,2,3,1,2,1,4,1,3,2,2,3,1,1,3,3,3,3,1,1,3,3,3,2,6
11/26/18 12:13,11/26/18 13:04,0,128.111.149.102,100,3099,1,11/26/18 13:05,R_3LaNs2HwgmWhvGK,,,,,34.4329071,-119.8370972,anonymous,EN,1047,0.575,0.575,2240.114,1,19,2,,2,,1,2,6,6,4,4,5,0,2,10,4,0,0,8,10,1,3,5,10,10,1,1,2,1,1,2,1,2,1,1,1,2,2,1,1,1,1,1,2,3,3,3,2,2,3,3,1,1,1,1,1,3,4,4,4,4,2,4,3,2,1,1,1,1,2,4,4,4,4,4,4,4,1,1,1,1,1,1,1,1,1,1,1,1,1,1,1,1,1,1,1,1,1,1,1,1,1,1,2,3,3,2,1,1,4,4,3,3,2,4,4,4,4,4,4,2,1,4,4,4,4,4,4,4,2,3,4,4,1,1,4,4,4,4,3,4,4,3,3,3,4,1,1,3,2,3,3,2,2,3,1,3,4,4,1,1,4,4,4,4,3,4,4,1,1,1,4,1,1,3,4,1,1,1,3,3,1,3,4,3,1,1,3,4,3,3,4,3,4,1,,1,1,1,1,,,3,,2,,3,,1,,2,1,,1,2,,1,3,4,3,1,2,3,1,1,2,2,2,2,3,2,2,3,3,3,3,2,3,2,3,4,4,2,3,2,5,3,2,1,5
11/26/18 12:12,11/26/18 13:06,0,128.111.149.101,100,3217,1,11/26/18 13:06,R_2DTD4NJzAE5EEY3,,,,,34.4329071,-119.8370972,anonymous,EN,1046,0.826,0.826,2282.439,1,19,2,,4,,1,2,3,3,4,2,3,3,5,21,5,0,0,3,5,10,5,35,5,20,1,1,2,1,1,1,1,1,1,1,1,1,1,1,1,1,1,1,3,3,3,3,4,2,4,2,1,1,1,1,1,3,3,4,4,4,1,3,2,2,1,1,1,1,1,3,4,4,4,1,4,4,1,1,1,1,1,1,1,1,1,1,1,1,1,1,1,1,1,1,1,1,1,1,1,1,1,1,2,4,3,2,1,1,4,4,4,4,1,4,4,1,3,3,3,1,1,3,4,4,4,1,4,4,4,4,4,4,1,1,4,4,4,4,4,4,4,4,4,4,2,,1,4,4,4,4,2,4,4,2,4,4,4,1,1,4,4,4,4,4,4,4,1,1,1,3,1,1,1,1,1,1,1,1,2,1,1,4,4,4,4,4,4,4,4,4,1,3,2,,2,2,1,1,,,2,,1,,,,1,,2,1,,1,2,,4,1,1,1,1,2,1,2,1,2,2,2,3,2,3,1,1,4,2,2,2,4,4,3,3,2,2,4,2,3,3,2,1,5
11/26/18 10:47,11/26/18 13:07,0,128.111.149.105,100,8364,1,11/26/18 13:07,R_2fxhikCGZto2rVL,,,,,34.4329071,-119.8370972,anonymous,EN,1050,0.669,5247.856,7391.052,2,19,2,,4,,1,2,3,2,3,3,4,2,1,20,30,0,1,35,1,7,3,35,15,20,4,3,3,1,2,2,2,3,3,3,2,3,2,3,2,2,1,2,2,3,3,3,4,2,4,2,2,2,2,1,2,2,2,3,3,4,2,4,2,2,2,1,1,2,1,2,3,3,4,4,4,3,1,1,1,1,1,1,1,1,1,1,1,1,1,2,2,2,2,1,2,2,2,2,2,2,2,1,2,3,2,2,1,2,2,4,3,4,3,4,3,2,2,2,2,1,2,3,2,3,3,2,4,2,2,4,2,,1,2,3,2,3,4,3,4,2,2,2,2,2,1,2,3,2,2,3,2,4,2,2,4,3,4,1,2,3,2,3,3,3,4,2,2,2,2,4,1,2,3,2,2,3,4,4,2,2,3,3,4,1,2,3,2,3,,4,3,2,2,,1,2,1,1,,,3,,1,,2,,1,,2,1,,1,2,,4,3,2,3,1,2,3,1,1,2,2,3,2,4,2,1,2,4,3,1,4,2,2,3,4,4,4,4,3,4,3,2,2,6
11/26/18 12:12,11/26/18 13:07,0,128.111.149.100,100,3316,1,11/26/18 13:07,R_32WKS9iKLAIoN1L,,,,,34.4329071,-119.8370972,anonymous,EN,1045,0.78,0.78,2318.733,1,21,2,,4,,1,3,3,3,4,3,3,4,6,2,12,0,0,2,0,8,1,0,0,10,2,2,4,1,1,4,2,4,2,1,2,4,3,1,1,2,1,1,2,1,3,1,1,1,3,2,1,1,1,1,1,1,,2,1,1,1,1,2,1,1,1,1,1,1,2,4,2,1,4,4,2,1,1,1,1,1,1,1,1,1,1,1,1,1,1,1,1,1,1,1,1,1,1,1,1,1,1,1,2,1,1,1,1,2,2,2,,1,2,3,1,2,1,3,1,1,3,3,2,1,1,3,2,1,4,1,4,1,1,2,2,2,1,2,4,4,1,2,1,2,1,1,1,2,2,1,1,2,2,1,1,1,1,1,1,1,1,3,1,1,1,2,1,1,1,4,1,1,1,1,2,1,1,1,2,1,4,1,4,1,1,1,2,4,1,1,1,3,2,,1,2,1,1,,,2,,1,,3,,2,,2,1,,3,,,1,1,1,2,1,2,1,5,5,2,2,3,2,3,1,4,3,3,4,2,5,5,4,5,5,4,5,5,4,5,5,4,1,6
11/26/18 12:15,11/26/18 13:07,0,128.111.149.104,100,3114,1,11/26/18 13:07,R_2ayT6JKREVg5ayU,,,,,34.4329071,-119.8370972,anonymous,EN,1051,0.59,0.59,2135.526,1,19,2,,4,,1,2,2,2,2,2,2,6,0,20,90,0,0,3,1,2,3,5,5,20,1,1,4,1,1,1,3,3,3,1,1,3,3,1,1,1,1,1,,3,3,3,3,1,3,3,1,1,1,1,1,1,3,3,3,3,1,3,3,3,1,1,1,1,1,3,3,3,3,3,3,3,1,1,1,1,1,1,3,3,3,3,1,3,3,1,1,1,1,1,1,3,3,3,3,1,3,3,1,1,1,1,1,1,3,3,3,3,1,3,3,3,3,3,1,1,1,3,3,3,3,1,3,3,3,3,3,3,3,3,3,3,3,3,3,3,3,3,3,3,3,3,3,3,3,3,3,3,3,3,3,3,3,3,3,3,3,3,3,3,3,3,3,1,1,1,4,1,1,1,3,3,3,3,3,3,3,3,3,3,3,3,3,3,3,3,3,3,3,2,,2,3,1,1,,,2,,1,,1,,1,,2,1,,1,2,,1,4,4,3,1,2,3,5,5,5,4,4,1,2,1,3,4,3,2,3,2,4,4,2,2,2,2,4,4,2,2,2,1,6
11/26/18 10:47,11/26/18 13:10,0,128.111.149.107,100,8522,1,11/26/18 13:10,R_10B0cZR7vzBiH6b,,,,,34.4329071,-119.8370972,anonymous,EN,1049,0.798,0.798,7378.547,1,19,2,,4,,1,2,5,4,4,3,4,10,0,5,90,0,0,3,0,1,0,5,7,35,3,2,2,1,1,1,1,4,1,4,4,4,1,3,1,1,1,1,1,1,3,1,3,3,3,1,3,1,1,1,1,1,1,3,1,1,3,3,1,3,1,1,1,1,1,1,,1,3,3,3,1,1,1,1,1,1,1,1,1,1,1,1,1,1,1,1,1,1,1,1,1,1,1,1,1,1,1,1,1,1,1,1,1,1,3,1,1,3,3,1,1,1,1,1,1,1,1,1,1,1,1,1,1,3,3,3,3,1,1,3,1,1,3,3,3,2,1,1,1,1,1,1,1,1,1,1,1,1,1,3,3,3,3,1,1,3,1,3,1,3,3,2,3,2,,4,1,,2,1,2,1,1,3,2,1,2,3,3,1,1,3,1,3,1,3,1,2,2,,1,2,1,1,,,1,,1,,2,,1,,2,2,,1,2,,4,3,4,3,1,2,5,1,3,3,2,3,2,2,3,4,1,2,4,3,2,5,4,4,2,2,2,5,4,4,2,2,2,6
11/26/18 12:13,11/26/18 13:18,0,128.111.149.103,100,3910,1,11/26/18 13:18,R_tY5RwXeIW5tWvgB,,,,,34.4329071,-119.8370972,anonymous,EN,1048,0.595,0.595,2258.772,1,20,1,,2,,1,2,3,5,2,5,3,10,5,10,10,0,10,10,15,0,2,5,5,10,1,1,2,1,1,2,3,2,2,2,2,3,3,2,1,2,1,1,3,3,2,2,2,1,3,3,1,1,2,1,1,2,2,2,2,2,2,3,2,3,1,1,1,1,2,3,2,2,2,1,3,3,2,1,1,1,2,2,3,2,2,2,2,2,3,1,1,1,2,1,2,2,1,1,1,1,1,3,2,2,2,3,2,1,3,2,,2,2,3,3,2,2,2,3,2,1,2,2,2,2,2,3,2,2,2,2,2,2,1,2,3,2,2,2,3,2,2,2,2,3,2,1,2,3,2,2,2,3,4,2,2,1,2,2,1,2,3,2,2,2,3,3,2,1,1,3,2,1,2,2,2,2,2,3,4,2,2,2,3,2,1,2,3,3,2,2,1,2,1,,2,4,1,2,,,2,,2,,1,,2,,2,2,,3,,,3,3,1,2,1,5,3,2,3,2,3,2,3,4,2,4,3,4,2,1,2,4,2,4,2,2,1,4,3,4,3,3,2,6
11/27/18 15:22,11/27/18 15:59,0,128.111.149.107,100,2266,1,11/27/18 15:59,R_1nPUH4zp7DgXTgA,,,,,34.4329071,-119.8370972,anonymous,EN,1059,0.853,0.853,1815.719,1,19,2,,2,,1,2,5,4,3,4,4,2,5,6,6,0,0,3,5,1,1,5,6,5,2,2,3,1,2,3,2,3,2,2,3,2,2,2,3,3,3,3,3,3,2,2,2,2,2,2,2,2,2,2,3,3,3,3,2,2,2,3,2,2,2,3,3,3,3,3,2,2,2,2,2,2,2,3,3,3,3,3,2,2,2,2,2,3,2,2,3,2,2,2,3,3,3,2,2,2,3,3,2,2,2,2,2,2,3,3,3,2,2,2,3,2,2,3,3,3,3,,2,2,2,2,2,2,2,2,2,3,3,3,3,3,2,2,2,3,3,2,2,2,3,3,3,3,3,3,2,2,2,3,3,3,3,3,2,2,2,3,3,3,3,2,3,3,3,3,3,2,2,2,3,3,3,2,2,3,3,3,3,3,2,2,2,2,3,3,3,3,2,1,,1,2,1,1,,,2,,2,,2,,2,,2,2,,1,2,,2,3,3,1,2,2,5,3,2,3,4,4,2,3,2,2,4,3,1,4,4,4,4,4,2,2,3,3,4,4,2,2,1,5
11/27/18 15:19,11/27/18 16:05,0,128.111.149.102,100,2755,1,11/27/18 16:05,R_1Ebv5FIIAVr2SpI,,,,,34.4329071,-119.8370972,anonymous,EN,1054,0.681,3.553,1923.556,3,22,2,,4,,1,3,7,7,7,7,7,3,2,5,6,2,0,3,0,0.5,0,1,10,0,1,1,1,1,1,1,1,1,1,1,1,1,1,1,1,1,1,1,1,1,1,1,1,1,1,1,1,1,1,1,1,1,1,1,1,1,1,1,1,1,1,1,1,1,1,1,1,1,1,2,1,1,1,1,1,1,1,1,1,1,1,1,1,1,1,1,1,1,1,1,1,1,1,1,1,1,1,1,1,1,1,1,1,1,1,1,1,1,1,1,1,1,1,1,1,1,1,1,1,1,1,1,1,1,1,1,1,2,1,1,1,1,1,1,1,1,1,1,1,1,2,1,1,1,1,1,1,1,1,1,1,1,1,2,1,1,1,1,1,1,1,1,1,1,1,1,2,1,1,1,1,1,1,1,1,1,1,1,1,1,1,1,1,1,1,1,1,1,1,2,,1,1,1,1,,,3,,1,,1,,1,,2,1,,1,2,,3,3,4,2,1,2,1,5,1,1,3,3,1,2,2,3,3,3,2,2,4,2,2,3,4,2,3,5,2,3,2,3,2,6
11/27/18 15:20,11/27/18 16:06,0,128.111.149.103,100,2724,1,11/27/18 16:06,R_3g7qSDKwcPCK73z,,,,,34.4329071,-119.8370972,anonymous,EN,1055,2.057,2.057,1868.226,1,20,2,,4,,1,2,3,3,4,4,5,10,5,10,15,2,0,17,20,10,12,20,18,15,4,4,4,2,1,3,3,4,4,3,4,4,4,4,4,4,3,1,3,3,3,3,3,3,3,4,3,3,4,3,1,3,3,3,3,3,3,3,3,3,3,3,3,1,3,2,3,3,3,3,3,3,4,4,4,4,1,3,3,3,3,3,3,3,3,3,3,3,4,3,3,3,3,3,3,3,4,3,4,4,4,4,1,3,3,3,3,3,3,3,3,3,3,3,4,3,1,3,3,3,3,3,3,3,2,2,3,3,3,1,3,3,3,3,3,3,3,3,3,3,4,3,1,3,3,3,3,3,3,3,3,3,3,4,3,1,2,2,3,3,3,4,3,3,3,3,3,3,1,4,3,4,3,3,4,3,3,3,3,3,,1,2,2,4,4,4,4,4,2,,3,4,1,1,,,2,,2,,2,,2,,2,1,,3,,,3,1,1,3,1,2,3,5,1,2,3,3,2,2,2,1,3,4,1,2,1,5,5,3,3,3,2,4,4,2,3,3,2,6
11/27/18 15:19,11/27/18 16:06,0,128.111.149.101,100,2866,1,11/27/18 16:06,R_p3KS48JivkbEMVz,,,,,34.4329071,-119.8370972,anonymous,EN,1053,0.771,1.299,1950.133,2,19,3,Gender-fluid,4,,1,2,6,6,5,6,6,5,0,7,0,0,0,1,0,5,2,2,20,15,1,2,3,1,1,2,1,3,2,2,3,3,2,1,2,1,1,1,2,1,3,2,3,1,4,3,1,2,1,1,2,2,1,4,2,2,1,4,2,3,1,2,1,1,2,1,3,3,3,3,3,3,1,1,1,1,1,1,1,1,1,1,1,1,1,1,1,1,2,1,2,1,4,1,3,1,4,2,2,2,2,2,1,2,1,2,2,1,1,2,2,1,1,1,1,1,1,1,1,1,1,1,1,1,3,4,4,3,1,4,2,1,3,2,3,4,3,3,1,2,3,1,1,2,1,3,3,1,3,2,3,1,2,3,1,2,2,1,2,2,3,3,2,3,1,2,2,1,1,2,1,2,2,3,2,2,3,4,4,4,1,4,3,1,4,3,3,3,3,2,,1,2,1,1,,,3,,1,,3,,2,,2,1,,1,2,,1,3,3,3,1,2,3,5,5,1,2,3,1,2,1,4,1,2,2,2,2,4,3,1,3,4,2,4,3,2,3,4,2,6
11/27/18 15:20,11/27/18 16:08,0,128.111.149.104,100,2859,1,11/27/18 16:08,R_TdvVAmrdlXi1Jlv,,,,,34.4329071,-119.8370972,anonymous,EN,1056,0.625,0.625,1859.218,1,20,2,,4,,1,3,6,5,6,7,6,5,0,1,25,0,0,1,0,30,20,25,15,10,1,1,4,1,1,1,1,1,1,1,1,1,2,1,1,1,1,1,2,2,4,2,4,2,4,3,1,1,1,1,1,1,1,1,1,1,1,1,1,3,1,1,1,1,1,3,4,4,4,4,4,3,1,1,1,1,1,1,1,1,1,1,1,1,1,1,1,1,1,1,1,1,1,1,1,1,1,1,1,2,1,1,1,1,2,2,1,2,1,1,2,1,2,2,2,1,1,1,2,2,2,1,1,2,1,1,2,2,3,3,3,2,1,2,2,2,1,1,2,2,1,2,1,2,1,4,1,1,2,2,1,3,1,3,2,2,2,2,3,2,3,3,2,2,2,1,2,2,3,2,2,3,2,2,1,1,3,2,3,2,2,4,2,3,2,,3,1,2,2,,1,2,1,1,,,2,,1,,2,,1,,2,1,,3,,,2,2,4,4,1,5,2,5,3,3,3,4,2,3,1,3,3,4,1,2,4,2,2,5,2,2,4,2,2,5,2,2,1,6
11/27/18 15:21,11/27/18 16:10,0,128.111.149.106,100,2896,1,11/27/18 16:10,R_2QYRr5KWg694E0F,,,,,34.4329071,-119.8370972,anonymous,EN,1058,0.764,0.764,1812.246,1,19,2,,4,,1,2,2,2,3,2,2,21,0,21,65,0,1,5,3,12,10,10,5,13,2,2,4,1,1,3,3,3,2,2,2,2,2,2,1,2,1,2,2,2,2,2,2,1,2,2,2,1,2,1,1,2,3,3,2,2,2,3,2,3,2,2,1,3,3,4,4,4,4,3,4,3,1,1,1,1,1,1,1,2,1,2,2,1,1,1,2,2,4,1,3,3,3,2,2,2,3,3,2,1,2,3,1,2,3,3,3,3,2,3,3,1,2,2,4,2,3,2,3,2,2,2,3,3,2,3,3,4,1,2,3,3,2,2,2,3,3,2,2,2,4,1,2,2,3,3,2,2,3,2,1,2,3,4,1,2,2,2,3,3,2,3,3,3,1,2,4,2,2,2,3,3,2,4,3,2,2,3,3,4,1,2,2,3,3,3,2,2,2,2,,1,3,1,2,,,3,,1,,1,,1,,2,1,,1,2,,1,1,4,2,1,2,3,5,5,1,2,2,3,3,2,4,1,3,2,1,2,4,3,3,3,3,2,4,3,4,4,4,1,6
11/27/18 15:18,11/27/18 16:11,0,128.111.149.100,100,3186,1,11/27/18 16:11,R_3exERbnEDK0vJRo,,,,,34.4329071,-119.8370972,anonymous,EN,1052,0.775,4.903,1968.255,2,20,2,,4,,1,3,2,2,3,2,2,3,2,2,4,1,0.5,1,0,3,2,5,4,3,3,1,4,1,1,2,1,4,2,2,3,4,2,3,2,1,1,1,2,1,4,3,3,2,4,2,1,2,2,1,1,2,1,3,3,2,2,4,1,3,1,2,1,1,1,1,3,3,3,4,3,2,1,2,1,1,1,1,1,2,2,3,3,3,1,1,2,1,2,1,2,1,3,2,2,1,3,2,1,2,2,1,1,2,1,3,2,3,2,3,3,1,2,1,1,1,1,1,2,2,2,2,2,2,1,2,2,3,1,1,2,1,2,2,2,4,2,2,3,3,3,1,1,1,1,2,3,3,3,2,3,2,2,3,2,1,2,2,3,3,4,3,2,3,2,2,3,1,1,1,1,2,2,4,3,2,2,3,3,3,1,2,1,1,3,2,3,2,2,2,,2,2,1,1,,,2,,1,,2,,1,,2,1,,1,2,,1,3,1,3,1,2,5,3,1,3,1,2,2,4,2,1,2,4,3,2,2,5,3,2,4,4,2,4,3,4,4,3,2,6
11/27/18 15:21,11/27/18 16:12,0,128.111.149.105,100,3077,1,11/27/18 16:12,R_O9TxzyC69apL4Gd,,,,,34.4329071,-119.8370972,anonymous,EN,1057,0.644,0.931,1820.532,2,20,2,,4,,1,3,3,2,3,3,3,10,0,4,20,0,2,2,0,1,13,8,5,5,1,2,4,1,1,1,3,3,3,3,1,3,3,1,1,1,1,1,1,1,1,1,1,1,1,1,2,1,1,1,1,,3,3,3,3,1,3,2,4,1,1,1,3,2,3,4,3,3,4,4,3,1,1,1,1,1,1,1,1,1,1,1,1,1,1,1,1,4,1,2,1,1,1,1,1,1,2,1,1,2,2,1,2,1,3,3,1,1,3,2,2,1,3,4,1,2,2,2,2,2,2,2,2,3,2,2,4,1,2,2,2,3,3,3,4,3,2,2,2,4,1,1,2,2,2,2,2,2,2,2,2,1,4,1,1,2,2,2,2,2,2,3,3,1,1,4,1,1,1,1,3,3,3,3,2,2,2,3,4,1,1,1,3,3,3,3,3,2,2,,1,2,1,1,,,2,,1,,3,,1,,2,1,,1,2,,3,2,1,2,1,2,3,2,1,3,2,1,4,3,1,4,1,4,1,2,4,4,3,2,4,3,2,4,4,3,4,4,2,6
11/28/18 15:28,11/28/18 16:11,0,128.111.149.101,100,2560,1,11/28/18 16:11,R_pmEYeXNxL7BZ36p,,,,,34.4329071,-119.8370972,anonymous,EN,1061,287.805,287.805,1830.512,1,20,2,,4,,1,3,4,3,4,5,5,3,0,0,20,0,0,3,7,12,4,5,10,15,1,1,2,1,1,1,3,3,1,1,1,3,3,1,1,1,1,1,3,3,3,1,3,3,3,3,1,1,1,1,1,1,1,3,3,1,1,3,1,3,1,1,1,1,1,3,3,4,4,4,3,3,1,1,1,1,1,1,1,3,1,1,1,3,1,1,1,1,1,1,1,1,1,1,1,1,1,1,1,1,1,3,1,1,3,3,3,1,1,3,3,1,1,1,3,1,1,3,3,3,3,3,3,3,1,1,1,4,1,1,3,3,3,3,3,3,3,1,1,1,4,1,1,3,3,3,1,1,1,3,1,1,1,4,1,1,3,3,3,3,3,3,3,1,1,1,4,1,1,3,3,3,3,3,3,3,1,1,1,3,,1,1,3,3,3,3,3,3,2,,1,1,1,4,,,3,,1,,,,1,,2,1,,1,2,,1,1,1,3,1,3,2,1,1,3,3,2,1,2,2,4,1,3,4,3,2,4,4,4,3,3,2,4,4,4,3,2,2,5
11/28/18 15:36,11/28/18 16:11,0,128.111.149.108,100,2128,1,11/28/18 16:11,R_2VlRpW7mmJ2oFdA,,,,,34.4329071,-119.8370972,anonymous,EN,1065,0.595,0.595,1418.923,1,20,2,,2,,1,3,7,5,6,6,6,1,0,20,30,0,3,8,30,2,20,20,10,50,1,2,4,1,1,2,2,2,2,1,1,3,2,1,1,1,1,1,1,3,2,1,3,1,3,2,2,1,2,1,2,3,2,2,1,3,1,3,2,4,1,2,1,3,2,3,3,3,4,1,4,2,1,1,1,1,1,1,1,1,1,1,1,1,1,1,1,1,4,1,2,2,2,1,1,1,3,2,1,1,1,1,1,1,1,1,1,4,1,3,2,3,2,3,3,1,3,1,1,2,4,1,4,2,2,2,4,4,1,1,1,1,1,1,1,3,2,1,1,1,3,1,1,1,1,1,1,1,2,1,1,1,3,4,1,1,1,1,1,1,1,3,2,1,1,1,1,1,1,1,1,1,1,1,1,1,2,3,4,4,1,2,3,3,3,1,4,1,2,1,,1,3,1,4,,,2,,2,,1,,1,,2,2,,3,,,1,3,4,3,1,2,1,5,5,1,3,4,2,3,1,3,4,4,2,3,4,5,5,4,2,2,2,2,4,3,4,2,1,6
11/28/18 15:36,11/28/18 16:11,0,128.111.149.109,100,2100,1,11/28/18 16:11,R_1MYylZruBo25dMy,,,,,34.4329071,-119.8370972,anonymous,EN,1066,0.549,0.549,1397.014,1,18,2,,2,,1,1,7,3,3,3,6,5,0,10,14,0,0,2,2,2,1,14,1,9,1,2,2,1,1,2,1,1,1,1,1,1,2,1,1,1,1,1,1,1,1,1,1,1,1,1,1,1,3,1,1,2,2,2,2,2,1,2,2,2,1,3,1,1,2,3,3,3,3,3,3,2,1,1,1,1,1,1,1,1,1,1,1,1,1,1,1,1,1,1,1,1,1,1,1,1,1,1,1,1,1,1,1,1,2,2,1,2,1,1,4,1,1,2,2,1,1,2,2,2,2,1,2,2,1,1,2,1,1,1,2,1,2,2,2,2,3,1,1,1,2,1,1,2,1,1,2,1,1,2,1,1,1,3,1,1,3,2,2,1,1,2,2,1,1,1,2,1,1,2,1,1,2,2,2,2,1,1,1,3,1,1,3,3,3,3,3,1,2,1,,1,2,1,2,,,3,,1,,1,,1,,2,1,,1,2,,1,3,1,2,1,2,3,3,5,2,1,2,2,1,2,1,3,4,3,1,1,5,2,4,4,3,2,4,2,5,2,3,1,6
11/28/18 15:34,11/28/18 16:13,0,128.111.149.104,100,2318,1,11/28/18 16:13,R_BrWULP5ctuGxaO5,,,,,34.4329071,-119.8370972,anonymous,EN,1063,0.638,0.638,1472.49,1,18,2,,2,,1,2,4,3,6,4,4,0,0,14,14,0,0,0,7,0,0,0,0,7,1,3,4,1,1,2,3,2,2,3,3,4,1,1,1,4,1,1,1,1,1,1,1,1,1,3,1,1,1,1,1,2,2,2,2,2,2,2,4,1,1,1,1,3,3,3,3,3,4,4,4,4,1,1,1,1,1,1,1,1,1,1,1,,1,1,1,1,3,1,3,3,2,2,2,2,2,2,1,1,3,1,1,1,3,3,2,3,,3,2,1,3,3,1,1,2,1,1,2,2,2,2,2,1,1,3,3,2,2,2,3,3,3,3,3,2,1,1,1,2,1,1,1,1,1,1,1,1,3,1,1,3,4,1,1,1,3,3,3,3,3,3,1,1,1,2,1,1,1,1,1,1,1,1,1,1,1,4,4,2,2,2,4,4,3,4,4,2,1,,1,1,1,1,,,3,,1,,2,,1,,2,2,,3,,,3,3,4,4,1,2,3,2,1,1,2,2,2,3,1,4,1,4,1,2,4,5,4,5,1,3,2,5,3,4,1,3,1,6
11/28/18 15:34,11/28/18 16:15,0,128.111.149.102,100,2469,1,11/28/18 16:15,R_1LoO4LJqZCNOmaw,,,,,34.4329071,-119.8370972,anonymous,EN,1062,1.24,1.24,1511.438,1,20,1,,4,,1,3,3,3,3,3,3,10,0,5,2,2,0,5,0,1,1,10,10,10,2,2,2,2,1,1,2,2,2,2,2,2,3,3,3,3,2,1,2,2,2,2,3,2,3,3,3,1,2,2,1,2,1,3,2,3,3,3,3,3,2,3,2,3,1,1,2,2,3,3,3,3,2,1,3,2,1,2,1,2,2,3,3,3,3,1,2,2,3,1,2,1,1,2,3,2,3,3,2,2,2,2,1,1,1,2,2,2,2,2,3,2,2,1,1,1,2,2,2,2,2,2,2,2,3,3,3,3,3,3,2,2,3,3,3,3,3,2,2,2,2,2,2,3,2,2,3,3,3,2,2,2,3,3,2,2,1,1,3,2,3,3,3,3,2,3,3,2,1,2,2,2,3,2,3,3,3,3,3,3,3,3,3,2,3,3,3,3,3,2,,1,1,1,1,,,2,,1,,3,,1,,2,1,,1,2,,3,4,3,3,1,2,2,1,1,2,3,2,2,1,3,2,,3,3,1,2,4,2,2,4,4,2,4,4,3,4,4,1,6
11/28/18 15:35,11/28/18 16:16,0,128.111.149.106,100,2492,1,11/28/18 16:16,R_djqLNKfkutZh9kZ,,,,,34.4329071,-119.8370972,anonymous,EN,1064,0.719,0.719,1463.373,1,19,2,,4,,1,2,6,7,7,6,7,5,3,2,40,0,0,1,1,3,3,1,3,25,3,3,4,1,1,2,2,3,3,2,3,3,3,2,1,1,1,1,2,2,3,2,2,3,3,1,1,1,1,1,1,2,2,3,2,1,2,3,1,3,1,1,1,1,2,2,4,4,1,4,4,2,1,1,1,1,1,1,1,1,1,1,1,1,1,1,1,1,1,1,1,1,1,1,1,1,1,1,2,2,1,2,1,1,2,2,2,2,2,3,2,2,2,4,4,1,1,2,3,2,,2,3,1,2,2,1,4,1,1,2,1,2,1,2,3,2,2,1,1,4,1,1,2,2,2,1,3,3,2,2,2,2,4,1,1,1,2,3,2,4,3,2,3,2,2,4,1,1,2,2,3,3,2,3,1,1,3,3,4,1,1,1,2,3,,1,2,2,2,,1,2,1,1,,,2,,1,,1,,1,,2,1,,1,2,,3,3,4,3,3,2,3,1,5,5,3,3,2,3,3,1,4,1,1,2,2,5,2,2,4,4,5,4,2,4,4,4,2,6
11/28/18 15:30,11/28/18 16:20,0,128.111.149.100,100,3031,1,11/28/18 16:20,R_3GxjAxladq9y9YY,,,,,34.4329071,-119.8370972,anonymous,EN,1060,0.751,0.751,132.816,1,24,1,,2,,1,3,3,2,2,3,5,0,0,20,60,0,2,1,42,2,1,20,20,30,1,1,4,1,1,1,3,1,1,2,1,3,4,1,1,1,1,1,1,2,2,1,1,1,2,3,1,1,1,1,1,1,2,2,1,1,1,3,3,2,1,1,1,3,1,4,4,4,4,4,4,4,1,1,1,1,1,1,3,2,1,1,1,3,3,1,1,1,4,1,1,2,2,1,1,1,1,2,1,1,1,1,1,1,2,2,1,1,1,2,4,1,2,3,4,3,2,2,3,3,2,3,4,4,1,2,2,4,2,1,2,3,2,3,3,3,3,1,1,1,4,1,1,2,2,2,1,1,2,3,1,1,1,3,1,1,2,3,2,3,1,3,3,1,1,1,4,1,1,1,2,2,1,2,1,4,1,2,2,4,1,1,2,4,2,1,1,1,2,1,,2,4,1,2,,,2,,2,,2,,2,,1,2,,1,2,,1,3,4,1,1,1,3,1,5,2,2,1,2,3,1,2,1,4,1,2,3,5,5,5,1,1,2,2,5,1,5,5,2,6
11/29/18 15:38,11/29/18 16:17,0,128.111.149.100,100,2397,1,11/29/18 16:18,R_2DTApXYbmw2wgIm,,,,,34.4329071,-119.8370972,anonymous,EN,1067,3.525,14.028,1298.492,2,19,2,,4,,1,2,6,3,4,5,5,1,14,0,15,0,0,2,0,15,0,5,4,30,3,2,4,1,1,1,1,3,2,2,2,3,2,3,1,1,1,1,2,1,3,2,3,3,3,2,2,1,1,1,1,2,1,3,2,2,2,3,2,3,1,1,1,1,2,1,3,2,2,2,3,2,1,1,1,1,1,1,1,1,1,1,1,1,1,1,1,1,1,1,1,1,1,1,1,1,1,1,2,2,1,2,1,1,1,2,1,2,1,2,1,1,1,1,1,1,1,1,1,1,1,1,1,1,3,4,1,4,1,1,2,1,1,2,2,4,2,1,2,1,3,1,1,2,1,3,2,2,3,1,2,3,1,3,1,1,2,1,3,1,1,3,1,2,3,1,4,1,1,1,1,4,1,3,4,2,3,4,1,4,1,1,3,1,3,2,2,2,1,2,,1,1,1,2,,,1,,1,,3,,1,,2,2,,1,2,,1,3,4,1,1,2,3,1,5,5,3,3,3,3,2,2,3,1,3,3,2,4,3,2,4,4,2,4,3,5,2,2,2,6
11/29/18 15:38,11/29/18 16:20,0,128.111.149.102,100,2492,1,11/29/18 16:20,R_22wXg8we5351vHV,,,,,34.4329071,-119.8370972,anonymous,EN,1068,0.634,0.971,1265.572,2,20,2,,2,,1,2,7,7,7,7,7,5,0,5,18,0,0,2,5,2,3,15,5,14,1,1,2,1,1,1,3,3,3,2,2,3,4,1,1,1,1,1,1,3,3,1,3,1,4,3,1,1,1,1,1,1,3,3,1,3,1,3,3,2,1,1,1,1,1,4,4,1,4,1,4,4,1,1,1,1,1,1,1,2,2,1,1,2,1,1,1,1,4,1,1,1,1,1,1,1,1,1,1,2,1,1,1,1,2,2,1,2,1,2,2,1,3,3,3,1,1,2,2,1,3,1,3,3,1,3,3,3,1,1,2,2,1,3,1,3,3,1,1,1,2,1,1,1,1,1,1,1,1,1,1,1,1,4,1,1,1,1,2,1,1,2,2,1,1,1,2,1,1,1,2,2,1,1,2,2,1,3,3,3,1,1,1,2,2,1,2,1,3,1,,1,3,1,1,,,3,,2,,1,,2,,2,2,,1,2,,1,3,4,3,1,2,3,1,5,2,3,3,2,2,2,3,1,4,3,1,3,4,4,4,2,2,2,4,4,2,4,4,2,6
12/4/18 11:03,12/4/18 11:42,0,128.111.149.103,100,2328,1,12/4/18 11:42,R_1gcOqojYm4yCwTP,,,,,34.4329071,-119.8370972,anonymous,EN,1071,0.767,1183.503,1190.264,2,21,2,,4,,1,4,2,2,5,3,3,10,35,15,35,8,2,12,2,30,5,8,15,35,1,1,2,1,1,1,1,3,1,3,4,3,2,2,1,1,1,1,1,1,4,2,3,1,4,2,1,1,1,1,1,1,1,4,2,3,1,4,2,1,1,1,1,3,1,3,4,3,3,3,4,2,1,1,1,1,1,1,1,4,2,1,1,4,1,1,1,1,4,1,2,1,2,1,1,1,2,,1,1,1,1,1,2,2,4,2,2,2,4,2,1,1,1,3,1,1,2,3,1,1,1,3,1,2,4,4,4,2,2,3,2,2,3,2,4,2,2,3,3,4,2,1,4,2,4,3,2,4,2,3,3,3,4,2,1,3,2,4,3,4,4,,4,1,1,4,1,1,1,1,3,3,4,2,1,1,3,3,4,1,1,2,1,4,2,3,1,2,2,,1,1,1,1,,,2,,1,,2,,1,,2,2,,1,2,,1,3,4,3,1,1,3,1,5,5,2,4,2,1,3,1,2,4,4,3,4,4,4,4,4,4,4,5,4,5,4,4,2,6
12/4/18 11:01,12/4/18 11:49,0,128.111.149.100,100,2848,1,12/4/18 11:49,R_1Fl6ZXJPQvZLE3f,,,,,34.4329071,-119.8370972,anonymous,EN,1069,0.745,1359.08,1363.601,2,21,2,,2,,1,3,7,5,6,7,6,2,0,35,20,0,30,78,78,0,1,5,0,3,2,4,3,1,3,4,4,2,2,2,2,3,2,1,4,3,1,2,2,4,2,2,1,1,4,2,1,1,1,1,3,3,3,2,2,1,1,3,2,3,2,2,3,4,2,4,4,4,4,4,4,3,1,1,1,1,1,1,3,3,2,1,1,3,2,1,1,1,4,1,1,1,1,1,1,1,1,2,1,1,1,1,1,1,1,1,1,1,1,1,1,2,3,4,4,2,2,1,2,2,2,2,3,3,2,3,4,4,2,1,1,4,1,3,2,4,2,2,4,4,4,3,1,1,1,1,1,1,1,1,3,3,4,4,2,1,2,3,3,1,2,4,3,2,2,2,4,2,1,1,2,2,2,2,2,2,2,3,4,4,2,1,4,4,3,2,1,1,2,1,,1,3,1,1,,,2,,2,,3,,2,,2,2,,1,2,,1,3,4,4,4,2,5,5,3,5,1,3,2,3,2,4,1,4,1,2,3,3,3,5,2,3,3,3,3,4,3,2,1,5
12/4/18 11:02,12/4/18 11:50,0,128.111.149.101,100,2910,1,12/4/18 11:50,R_wL8F7QJAfYZlcnT,,,,,34.4329071,-119.8370972,anonymous,EN,1070,0.805,0.805,1346.15,1,20,2,,4,,1,3,1,2,5,5,6,0,4,3,6,0,0,6,50,40,10,35,10,100,1,1,1,1,1,1,2,2,1,1,1,1,,1,1,1,1,1,,3,4,4,4,2,4,2,1,1,1,1,1,3,4,4,2,2,2,4,2,1,1,1,1,1,3,4,4,3,3,2,4,2,1,1,1,1,1,1,1,1,1,1,1,1,2,1,1,1,1,1,1,1,1,1,1,1,1,1,1,3,3,2,1,,4,4,3,3,2,4,3,1,3,3,3,1,1,4,4,3,3,2,3,2,1,3,3,3,1,1,3,4,2,4,2,4,,1,2,2,3,1,1,3,4,4,3,2,4,2,1,3,3,3,1,1,3,3,3,3,2,3,,1,1,1,1,1,1,2,3,3,2,3,3,2,1,3,3,3,1,1,3,4,4,3,3,2,2,2,,1,1,2,3,,,1,,1,,1,,1,,2,1,,3,,,4,1,1,4,2,2,3,2,3,1,1,2,2,2,1,4,1,2,2,1,4,3,3,4,5,3,2,5,5,4,4,2,1,6
12/6/18 11:02,12/6/18 11:35,0,128.111.149.100,100,1948,1,12/6/18 11:35,R_1Kjpvd3AwGSNare,,,,,34.4329071,-119.8370972,anonymous,EN,1072,0.645,0.645,1220.039,1,20,1,,2,,1,3,1,1,1,1,1,0,0,40,50,0,10,1,3,1,1,50,0,30,1,3,4,1,1,2,4,3,2,4,2,4,1,1,1,2,1,1,2,3,3,1,1,1,3,2,1,1,4,1,3,2,4,3,2,4,1,4,3,1,1,4,1,3,2,4,3,2,4,1,4,1,1,1,1,1,1,1,1,1,1,1,1,1,1,1,1,1,3,1,2,3,2,1,1,1,3,,1,1,3,2,1,3,3,2,1,1,1,3,2,1,1,4,4,1,3,2,3,1,4,3,4,4,1,1,4,4,1,3,3,4,1,2,1,4,,1,1,4,4,1,1,2,4,2,4,1,4,3,1,1,4,4,1,2,2,4,3,3,3,4,4,1,1,4,4,1,1,2,4,3,3,4,4,3,1,1,4,4,1,2,2,4,3,1,4,1,1,3,Korean,2,2,,,1,1,,2,,1,,3,,3,2,,1,1,,2,3,3,2,4,1,5,2,5,1,2,2,2,1,1,2,1,1,2,4,3,1,5,4,2,4,1,2,5,4,5,1,1,1,6